County,fyear,Entity ID,SPrating,SPoutlook,Mrating,Moutlook,Frating,Foutlook
Alameda,2007,1,AA-,stable,Aa3,stable,NR,NR
Alameda,2008,1,AA-,stable,Aa3,stable,NR,NR
Alameda,2009,1,AA-,positive,Aa3,positive,NR,NR
Alameda,2010,1,AA,stable,Aa2,stable,NR,NR
Alameda,2011,1,AA,stable,Aa2,stable,AA+,positive
Alameda,2012,1,AA,stable,Aa2,positive,AA+,positive
Alameda,2013,1,AA,stable,Aa1,stable,AA+,positive
Alameda,2014,1,AA,stable,Aa1,stable,AA+,positive
Alameda,2015,1,AA,stable,Aa1,positive,AA+,positive
Alameda,2016,1,NR,NR,Aaa,stable,AAA,stable
Alameda,2017,1,NR,NR,Aaa,stable,AAA,stable
Alpine,2007,2,NR,NR,NR,NR,NR,NR
Alpine,2008,2,NR,NR,NR,NR,NR,NR
Alpine,2009,2,NR,NR,NR,NR,NR,NR
Alpine,2010,2,NR,NR,NR,NR,NR,NR
Alpine,2011,2,NR,NR,NR,NR,NR,NR
Alpine,2012,2,NR,NR,NR,NR,NR,NR
Alpine,2013,2,NR,NR,NR,NR,NR,NR
Alpine,2014,2,NR,NR,NR,NR,NR,NR
Alpine,2015,2,NR,NR,NR,NR,NR,NR
Alpine,2016,2,NR,NR,NR,NR,NR,NR
Alpine,2017,2,NR,NR,NR,NR,NR,NR
Amador,2007,3,NR,NR,NR,NR,NR,NR
Amador,2008,3,NR,NR,NR,NR,NR,NR
Amador,2009,3,A,stable,NR,NR,NR,NR
Amador,2010,3,A,stable,NR,NR,NR,NR
Amador,2011,3,A,stable,NR,NR,NR,NR
Amador,2012,3,A,stable,NR,NR,NR,NR
Amador,2013,3,A,positive,NR,NR,NR,NR
Amador,2014,3,A+,stable,NR,NR,NR,NR
Amador,2015,3,NR,NR,NR,NR,NR,NR
Amador,2016,3,NR,NR,NR,NR,NR,NR
Amador,2017,3,NR,NR,NR,NR,NR,NR
Butte,2007,4,NR,NR,NR,NR,NR,NR
Butte,2008,4,NR,NR,NR,NR,NR,NR
Butte,2009,4,A,stable,NR,NR,NR,NR
Butte,2010,4,A,stable,NR,NR,NR,NR
Butte,2011,4,A,stable,NR,NR,NR,NR
Butte,2012,4,A,stable,NR,NR,NR,NR
Butte,2013,4,A,positive,NR,NR,NR,NR
Butte,2014,4,A+,stable,NR,NR,NR,NR
Butte,2015,4,A+,stable,NR,NR,NR,NR
Butte,2016,4,NR,NR,NR,NR,NR,NR
Butte,2017,4,NR,NR,NR,NR,NR,NR
Calaveras,2007,5,A+,stable,NR,NR,NR,NR
Calaveras,2008,5,A+,stable,NR,NR,NR,NR
Calaveras,2009,5,A+,stable,NR,NR,NR,NR
Calaveras,2010,5,A+,stable,NR,NR,NR,NR
Calaveras,2011,5,A+,stable,NR,NR,NR,NR
Calaveras,2012,5,A+,stable,NR,NR,NR,NR
Calaveras,2013,5,A+,stable,NR,NR,NR,NR
Calaveras,2014,5,A+,stable,NR,NR,NR,NR
Calaveras,2015,5,A+,positive,NR,NR,NR,NR
Calaveras,2016,5,AA-,stable,NR,NR,NR,NR
Calaveras,2017,5,AA-,stable,NR,NR,NR,NR
Colusa,2007,6,NR,NR,NR,NR,NR,NR
Colusa,2008,6,NR,NR,NR,NR,NR,NR
Colusa,2009,6,NR,NR,NR,NR,NR,NR
Colusa,2010,6,NR,NR,NR,NR,NR,NR
Colusa,2011,6,NR,NR,NR,NR,NR,NR
Colusa,2012,6,NR,NR,NR,NR,NR,NR
Colusa,2013,6,NR,NR,NR,NR,NR,NR
Colusa,2014,6,NR,NR,NR,NR,NR,NR
Colusa,2015,6,NR,NR,NR,NR,NR,NR
Colusa,2016,6,NR,NR,NR,NR,NR,NR
Colusa,2017,6,NR,NR,NR,NR,NR,NR
Contra Costa,2007,7,AA-,stable,Aa3,stable,NR,NR
Contra Costa,2008,7,AA-,stable,Aa3,stable,NR,NR
Contra Costa,2009,7,AA-,stable,Aa3,stable,NR,NR
Contra Costa,2010,7,AA-,stable,Aa3,stable,NR,NR
Contra Costa,2011,7,AA-,stable,Aa3,stable,NR,NR
Contra Costa,2012,7,AA-,positive,Aa3,negative,NR,NR
Contra Costa,2013,7,AA+,stable,Aa2,stable,NR,NR
Contra Costa,2014,7,AA+,stable,Aa2,stable,NR,NR
Contra Costa,2015,7,AA+,stable,Aa2,stable,NR,NR
Contra Costa,2016,7,AA+,stable,Aa2,stable,NR,NR
Contra Costa,2017,7,AA+,positive,Aa2,stable,NR,NR
Del Norte,2007,8,NR,NR,NR,NR,NR,NR
Del Norte,2008,8,NR,NR,NR,NR,NR,NR
Del Norte,2009,8,NR,NR,NR,NR,NR,NR
Del Norte,2010,8,NR,NR,NR,NR,NR,NR
Del Norte,2011,8,BBB,stable,NR,NR,NR,NR
Del Norte,2012,8,BBB,stable,NR,NR,NR,NR
Del Norte,2013,8,BBB,stable,NR,NR,NR,NR
Del Norte,2014,8,BBB,negative,NR,NR,NR,NR
Del Norte,2015,8,NR,NR,NR,NR,NR,NR
Del Norte,2016,8,NR,NR,NR,NR,NR,NR
Del Norte,2017,8,NR,NR,NR,NR,NR,NR
El Dorado,2007,9,NR,NR,NR,NR,NR,NR
El Dorado,2008,9,NR,NR,NR,NR,NR,NR
El Dorado,2009,9,NR,NR,NR,NR,NR,NR
El Dorado,2010,9,NR,NR,NR,NR,NR,NR
El Dorado,2011,9,NR,NR,NR,NR,NR,NR
El Dorado,2012,9,NR,NR,NR,NR,NR,NR
El Dorado,2013,9,NR,NR,NR,NR,NR,NR
El Dorado,2014,9,NR,NR,NR,NR,NR,NR
El Dorado,2015,9,NR,NR,NR,NR,NR,NR
El Dorado,2016,9,A+,stable,NR,NR,NR,NR
El Dorado,2017,9,A+,stable,NR,NR,NR,NR
Fresno,2007,10,A+,stable,NR,NR,A+,stable
Fresno,2008,10,A+,stable,NR,NR,A+,stable
Fresno,2009,10,A+,positive,NR,NR,A+,positive
Fresno,2010,10,AA-,stable,NR,NR,AA-,stable
Fresno,2011,10,AA-,stable,NR,NR,AA-,stable
Fresno,2012,10,AA-,stable,NR,NR,AA-,stable
Fresno,2013,10,AA-,stable,NR,NR,AA-,stable
Fresno,2014,10,AA-,stable,NR,NR,AA-,stable
Fresno,2015,10,AA-,stable,NR,NR,AA-,negative
Fresno,2016,10,AA-,stable,NR,NR,A+,stable
Fresno,2017,10,AA-,positive,NR,NR,A+,stable
Glenn,2007,11,NR,NR,NR,NR,NR,NR
Glenn,2008,11,NR,NR,NR,NR,NR,NR
Glenn,2009,11,NR,NR,NR,NR,NR,NR
Glenn,2010,11,NR,NR,NR,NR,NR,NR
Glenn,2011,11,NR,NR,NR,NR,NR,NR
Glenn,2012,11,NR,NR,NR,NR,NR,NR
Glenn,2013,11,NR,NR,NR,NR,NR,NR
Glenn,2014,11,NR,NR,NR,NR,NR,NR
Glenn,2015,11,NR,NR,NR,NR,NR,NR
Glenn,2016,11,NR,NR,NR,NR,NR,NR
Glenn,2017,11,NR,NR,NR,NR,NR,NR
Humboldt,2007,12,A,stable,NR,NR,NR,NR
Humboldt,2008,12,A,stable,NR,NR,NR,NR
Humboldt,2009,12,A,stable,NR,NR,NR,NR
Humboldt,2010,12,A,stable,NR,NR,NR,NR
Humboldt,2011,12,A,stable,NR,NR,NR,NR
Humboldt,2012,12,A,stable,NR,NR,NR,NR
Humboldt,2013,12,A,stable,NR,NR,NR,NR
Humboldt,2014,12,A,stable,NR,NR,NR,NR
Humboldt,2015,12,A,stable,NR,NR,NR,NR
Humboldt,2016,12,A,stable,NR,NR,NR,NR
Humboldt,2017,12,A,stable,NR,NR,NR,NR
Imperial,2007,13,NR,NR,A1,stable,NR,NR
Imperial,2008,13,NR,NR,A1,stable,NR,NR
Imperial,2009,13,NR,NR,A1,stable,NR,NR
Imperial,2010,13,A,stable,A1,stable,NR,NR
Imperial,2011,13,A,stable,A1,stable,NR,NR
Imperial,2012,13,A,stable,A1,stable,NR,NR
Imperial,2013,13,A,stable,A1,stable,NR,NR
Imperial,2014,13,A,stable,A1,stable,NR,NR
Imperial,2015,13,A,stable,A1,stable,NR,NR
Imperial,2016,13,A,stable,A1,stable,NR,NR
Imperial,2017,13,A,stable,A1,stable,NR,NR
Inyo,2007,14,NR,NR,NR,NR,NR,NR
Inyo,2008,14,NR,NR,NR,NR,NR,NR
Inyo,2009,14,NR,NR,NR,NR,NR,NR
Inyo,2010,14,NR,NR,NR,NR,NR,NR
Inyo,2011,14,NR,NR,NR,NR,NR,NR
Inyo,2012,14,NR,NR,NR,NR,NR,NR
Inyo,2013,14,NR,NR,NR,NR,NR,NR
Inyo,2014,14,NR,NR,NR,NR,NR,NR
Inyo,2015,14,NR,NR,NR,NR,NR,NR
Inyo,2016,14,NR,NR,NR,NR,NR,NR
Inyo,2017,14,NR,NR,NR,NR,NR,NR
Kern,2007,15,NR,NR,NR,NR,A+,stable
Kern,2008,15,A+,stable,A1,stable,A+,stable
Kern,2009,15,A+,stable,A1,stable,A+,stable
Kern,2010,15,A+,stable,A1,stable,A+,stable
Kern,2011,15,A+,stable,A1,stable,A+,stable
Kern,2012,15,A+,stable,A1,stable,A+,stable
Kern,2013,15,A+,stable,A1,stable,A+,stable
Kern,2014,15,A+,stable,A1,stable,A+,stable
Kern,2015,15,A+,negative,A1,negative,A+,stable
Kern,2016,15,A+,stable,A1,stable,A+,stable
Kern,2017,15,A+,positive,A1,stable,A+,stable
Kings,2007,16,NR,NR,A3,stable,NR,NR
Kings,2008,16,NR,NR,A3,stable,NR,NR
Kings,2009,16,A-,stable,A1,stable,NR,NR
Kings,2010,16,A-,stable,A1,negative,NR,NR
Kings,2011,16,A-,stable,A2,stable,NR,NR
Kings,2012,16,A-,stable,A2,stable,NR,NR
Kings,2013,16,A-,positive,A2,stable,NR,NR
Kings,2014,16,A,stable,A2,stable,NR,NR
Kings,2015,16,A,stable,A2,stable,NR,NR
Kings,2016,16,A,stable,A2,stable,NR,NR
Kings,2017,16,A,stable,A2,stable,NR,NR
Lake,2007,17,NR,NR,NR,NR,NR,NR
Lake,2008,17,NR,NR,NR,NR,NR,NR
Lake,2009,17,NR,NR,NR,NR,NR,NR
Lake,2010,17,NR,NR,NR,NR,NR,NR
Lake,2011,17,NR,NR,NR,NR,NR,NR
Lake,2012,17,NR,NR,NR,NR,NR,NR
Lake,2013,17,NR,NR,NR,NR,NR,NR
Lake,2014,17,NR,NR,NR,NR,NR,NR
Lake,2015,17,NR,NR,NR,NR,NR,NR
Lake,2016,17,NR,NR,NR,NR,NR,NR
Lake,2017,17,NR,NR,NR,NR,NR,NR
Lassen,2007,18,NR,NR,NR,NR,NR,NR
Lassen,2008,18,NR,NR,NR,NR,NR,NR
Lassen,2009,18,NR,NR,NR,NR,NR,NR
Lassen,2010,18,NR,NR,NR,NR,NR,NR
Lassen,2011,18,NR,NR,NR,NR,NR,NR
Lassen,2012,18,NR,NR,NR,NR,NR,NR
Lassen,2013,18,NR,NR,NR,NR,NR,NR
Lassen,2014,18,NR,NR,NR,NR,NR,NR
Lassen,2015,18,NR,NR,NR,NR,NR,NR
Lassen,2016,18,NR,NR,NR,NR,NR,NR
Lassen,2017,18,NR,NR,NR,NR,NR,NR
Los Angeles,2007,19,A+,stable,A1,stable,A+,stable
Los Angeles,2008,19,A+,stable,A1,stable,A+,stable
Los Angeles,2009,19,A+,stable,A1,stable,A+,stable
Los Angeles,2010,19,A+,positive,A1,stable,A+,positive
Los Angeles,2011,19,A+,positive,A1,stable,AA-,stable
Los Angeles,2012,19,AA-,stable,Aa2,stable,AA-,stable
Los Angeles,2013,19,AA,stable,Aa2,stable,AA-,stable
Los Angeles,2014,19,AA,stable,Aa2,stable,AA-,stable
Los Angeles,2015,19,AA,stable,Aa2,stable,AA,stable
Los Angeles,2016,19,AA,stable,Aa2,positive,AA,stable
Los Angeles,2017,19,AA,stable,Aa1,stable,AA,stable
Madera,2007,20,NR,NR,NR,NR,NR,NR
Madera,2008,20,NR,NR,NR,NR,NR,NR
Madera,2009,20,NR,NR,NR,NR,NR,NR
Madera,2010,20,NR,NR,NR,NR,NR,NR
Madera,2011,20,NR,NR,NR,NR,NR,NR
Madera,2012,20,NR,NR,NR,NR,NR,NR
Madera,2013,20,NR,NR,NR,NR,NR,NR
Madera,2014,20,NR,NR,NR,NR,NR,NR
Madera,2015,20,NR,NR,NR,NR,NR,NR
Madera,2016,20,NR,NR,NR,NR,NR,NR
Madera,2017,20,NR,NR,NR,NR,NR,NR
Marin,2007,21,AA,positive,Aa1,stable,AA+,stable
Marin,2008,21,AA+,stable,Aa1,stable,AA+,stable
Marin,2009,21,AA+,stable,Aa1,stable,AA+,stable
Marin,2010,21,AA+,stable,Aa1,stable,AA+,stable
Marin,2011,21,AA+,stable,Aa1,stable,AA+,stable
Marin,2012,21,AA+,stable,Aa1,negative,AAA,stable
Marin,2013,21,AA+,stable,Aaa,stable,AAA,stable
Marin,2014,21,AA+,stable,Aaa,stable,AAA,stable
Marin,2015,21,AA+,stable,Aaa,stable,AAA,stable
Marin,2016,21,AA+,stable,Aaa,stable,AAA,stable
Marin,2017,21,AA+,positive,Aaa,stable,AAA,stable
Mariposa,2007,22,NR,NR,NR,NR,NR,NR
Mariposa,2008,22,NR,NR,NR,NR,NR,NR
Mariposa,2009,22,NR,NR,NR,NR,NR,NR
Mariposa,2010,22,NR,NR,NR,NR,NR,NR
Mariposa,2011,22,NR,NR,NR,NR,NR,NR
Mariposa,2012,22,NR,NR,NR,NR,NR,NR
Mariposa,2013,22,NR,NR,NR,NR,NR,NR
Mariposa,2014,22,NR,NR,NR,NR,NR,NR
Mariposa,2015,22,NR,NR,NR,NR,NR,NR
Mariposa,2016,22,NR,NR,NR,NR,NR,NR
Mariposa,2017,22,NR,NR,NR,NR,NR,NR
Mendocino,2007,23,NR,NR,NR,NR,A-,stable
Mendocino,2008,23,NR,NR,NR,NR,A-,stable
Mendocino,2009,23,NR,NR,NR,NR,A-,stable
Mendocino,2010,23,NR,NR,NR,NR,A-,stable
Mendocino,2011,23,BBB-,stable,NR,NR,A-,stable
Mendocino,2012,23,BBB-,positive,NR,NR,A-,stable
Mendocino,2013,23,A+,stable,NR,NR,A,stable
Mendocino,2014,23,A+,stable,NR,NR,A+,stable
Mendocino,2015,23,A+,stable,NR,NR,A+,stable
Mendocino,2016,23,A+,stable,NR,NR,A+,stable
Mendocino,2017,23,A+,stable,NR,NR,A+,stable
Merced,2007,24,A-,stable,A1,stable,NR,NR
Merced,2008,24,A-,positive,A1,stable,NR,NR
Merced,2009,24,A,stable,A1,stable,NR,NR
Merced,2010,24,A,stable,A1,stable,NR,NR
Merced,2011,24,A,stable,Aa2,stable,NR,NR
Merced,2012,24,A,stable,Aa2,negative,NR,NR
Merced,2013,24,A,stable,Aa3,stable,NR,NR
Merced,2014,24,A,stable,Aa3,stable,NR,NR
Merced,2015,24,A,stable,Aa3,stable,NR,NR
Merced,2016,24,A,stable,Aa3,stable,NR,NR
Merced,2017,24,A,stable,Aa3,stable,NR,NR
Modoc,2007,25,NR,NR,NR,NR,NR,NR
Modoc,2008,25,NR,NR,NR,NR,NR,NR
Modoc,2009,25,NR,NR,NR,NR,NR,NR
Modoc,2010,25,NR,NR,NR,NR,NR,NR
Modoc,2011,25,NR,NR,NR,NR,NR,NR
Modoc,2012,25,NR,NR,NR,NR,NR,NR
Modoc,2013,25,NR,NR,NR,NR,NR,NR
Modoc,2014,25,NR,NR,NR,NR,NR,NR
Modoc,2015,25,NR,NR,NR,NR,NR,NR
Modoc,2016,25,NR,NR,NR,NR,NR,NR
Modoc,2017,25,NR,NR,NR,NR,NR,NR
Mono,2007,26,NR,NR,NR,NR,NR,NR
Mono,2008,26,NR,NR,NR,NR,NR,NR
Mono,2009,26,NR,NR,NR,NR,NR,NR
Mono,2010,26,NR,NR,NR,NR,NR,NR
Mono,2011,26,NR,NR,NR,NR,NR,NR
Mono,2012,26,NR,NR,NR,NR,NR,NR
Mono,2013,26,NR,NR,NR,NR,NR,NR
Mono,2014,26,NR,NR,NR,NR,NR,NR
Mono,2015,26,NR,NR,NR,NR,NR,NR
Mono,2016,26,NR,NR,Aa3,stable,NR,NR
Mono,2017,26,NR,NR,Aa3,stable,NR,NR
Monterey,2007,27,NR,NR,A1,stable,A+,stable
Monterey,2008,27,NR,NR,Aa2,stable,A+,stable
Monterey,2009,27,AA,stable,Aa2,stable,AA,stable
Monterey,2010,27,AA,stable,Aa2,negative,AA,stable
Monterey,2011,27,AA,stable,Aa2,negative,AA,stable
Monterey,2012,27,AA,stable,Aa2,stable,AA,stable
Monterey,2013,27,AA,stable,Aa2,stable,AA,stable
Monterey,2014,27,AA,stable,Aa2,stable,AA,stable
Monterey,2015,27,AA,stable,Aa2,stable,AA,stable
Monterey,2016,27,AA,stable,Aa2,stable,AA,positive
Monterey,2017,27,AA,stable,Aa2,stable,AA+,stable
Napa,2007,28,NR,NR,NR,NR,NR,NR
Napa,2008,28,NR,NR,NR,NR,NR,NR
Napa,2009,28,AA,stable,NR,NR,NR,NR
Napa,2010,28,AA,stable,NR,NR,NR,NR
Napa,2011,28,AA,stable,NR,NR,NR,NR
Napa,2012,28,AA,stable,NR,NR,NR,NR
Napa,2013,28,AA,positive,NR,NR,NR,NR
Napa,2014,28,AA+,stable,NR,NR,NR,NR
Napa,2015,28,AA+,stable,NR,NR,NR,NR
Napa,2016,28,AA+,stable,NR,NR,NR,NR
Napa,2017,28,AA+,stable,NR,NR,NR,NR
Nevada,2007,29,NR,NR,NR,NR,NR,NR
Nevada,2008,29,NR,NR,NR,NR,NR,NR
Nevada,2009,29,NR,NR,NR,NR,NR,NR
Nevada,2010,29,NR,NR,NR,NR,NR,NR
Nevada,2011,29,A+,stable,NR,NR,NR,NR
Nevada,2012,29,A+,stable,NR,NR,NR,NR
Nevada,2013,29,A+,stable,NR,NR,NR,NR
Nevada,2014,29,A+,stable,NR,NR,NR,NR
Nevada,2015,29,A+,stable,NR,NR,NR,NR
Nevada,2016,29,A+,stable,NR,NR,NR,NR
Nevada,2017,29,A+,stable,NR,NR,NR,NR
Orange,2007,30,A+,stable,Aa2,stable,AA,stable
Orange,2008,30,A+,stable,Aa2,stable,AA,stable
Orange,2009,30,A+,stable,Aa2,stable,AA,stable
Orange,2010,30,A+,stable,Aa2,stable,AA,stable
Orange,2011,30,A+,stable,Aa2,stable,AA,stable
Orange,2012,30,A+,positive,Aa1,stable,AA+,stable
Orange,2013,30,AA-,stable,Aa1,stable,AA+,stable
Orange,2014,30,AA-,positive,Aa1,stable,AA+,stable
Orange,2015,30,AA,stable,Aa1,stable,AA+,stable
Orange,2016,30,AA,stable,Aa1,stable,AA+,stable
Orange,2017,30,AA,negative,Aa1,stable,AA+,stable
Placer,2007,31,AA-,stable,Aa3,stable,NR,NR
Placer,2008,31,AA-,stable,Aa3,positive,NR,NR
Placer,2009,31,AA-,stable,Aa2,stable,NR,NR
Placer,2010,31,AA-,stable,Aa2,stable,NR,NR
Placer,2011,31,AA-,stable,Aa2,stable,NR,NR
Placer,2012,31,AA-,stable,Aa1,positive,NR,NR
Placer,2013,31,AA-,positive,Aa1,stable,NR,NR
Placer,2014,31,AA,stable,Aa1,stable,NR,NR
Placer,2015,31,AA,stable,Aa1,stable,NR,NR
Placer,2016,31,AA,stable,Aa1,stable,NR,NR
Placer,2017,31,AA,stable,Aa1,stable,NR,NR
Plumas,2007,32,NR,NR,NR,NR,NR,NR
Plumas,2008,32,NR,NR,NR,NR,NR,NR
Plumas,2009,32,NR,NR,NR,NR,NR,NR
Plumas,2010,32,NR,NR,NR,NR,NR,NR
Plumas,2011,32,A,stable,NR,NR,NR,NR
Plumas,2012,32,A,stable,NR,NR,NR,NR
Plumas,2013,32,A,stable,NR,NR,NR,NR
Plumas,2014,32,A,stable,NR,NR,NR,NR
Plumas,2015,32,NR,NR,NR,NR,NR,NR
Plumas,2016,32,NR,NR,NR,NR,NR,NR
Plumas,2017,32,NR,NR,NR,NR,NR,NR
Riverside,2007,33,AA-,stable,Aa3,stable,A+,stable
Riverside,2008,33,AA-,stable,Aa3,stable,A+,stable
Riverside,2009,33,AA-,stable,Aa3,stable,AA-,stable
Riverside,2010,33,AA-,stable,Aa2,stable,AA-,stable
Riverside,2011,33,AA-,stable,Aa2,negative,AA-,stable
Riverside,2012,33,AA-,stable,Aa3,stable,AA-,stable
Riverside,2013,33,AA-,stable,Aa3,stable,AA-,stable
Riverside,2014,33,AA-,stable,Aa3,stable,AA-,stable
Riverside,2015,33,AA-,stable,Aa3,stable,AA-,stable
Riverside,2016,33,AA-,stable,Aa3,stable,AA-,stable
Riverside,2017,33,AA-,positive,Aa3,stable,AA-,stable
Sacramento,2007,34,A+,stable,A2,stable,A,stable
Sacramento,2008,34,A+,stable,A2,stable,A,stable
Sacramento,2009,34,A+,positive,A2,negative,A,stable
Sacramento,2010,34,AA,negative,A3,stable,A,stable
Sacramento,2011,34,BBB+,stable,A3,stable,A,stable
Sacramento,2012,34,BBB+,positive,A3,stable,A,stable
Sacramento,2013,34,A-,stable,A3,stable,A,stable
Sacramento,2014,34,A-,stable,A3,stable,A,stable
Sacramento,2015,34,A-,stable,A3,stable,A,stable
Sacramento,2016,34,A-,stable,A3,stable,A-,stable
Sacramento,2017,34,A-,positive,A3,stable,A-,stable
San Benito,2007,35,NR,NR,NR,NR,NR,NR
San Benito,2008,35,NR,NR,NR,NR,NR,NR
San Benito,2009,35,NR,NR,NR,NR,NR,NR
San Benito,2010,35,NR,NR,NR,NR,NR,NR
San Benito,2011,35,NR,NR,NR,NR,NR,NR
San Benito,2012,35,NR,NR,NR,NR,NR,NR
San Benito,2013,35,NR,NR,NR,NR,NR,NR
San Benito,2014,35,NR,NR,NR,NR,NR,NR
San Benito,2015,35,NR,NR,NR,NR,NR,NR
San Benito,2016,35,NR,NR,NR,NR,NR,NR
San Benito,2017,35,NR,NR,NR,NR,NR,NR
San Bernardino,2007,36,NR,NR,Aa2,stable,AA,stable
San Bernardino,2008,36,NR,NR,Aa2,stable,AA,stable
San Bernardino,2009,36,NR,NR,Aa2,stable,AA,stable
San Bernardino,2010,36,NR,NR,Aa2,stable,AA,stable
San Bernardino,2011,36,NR,NR,Aa2,stable,AA,stable
San Bernardino,2012,36,NR,NR,Aa2,stable,AA,stable
San Bernardino,2013,36,NR,NR,Aa2,stable,AA,stable
San Bernardino,2014,36,NR,NR,Aa2,stable,AA,stable
San Bernardino,2015,36,AA-,stable,Aa2,stable,AA,stable
San Bernardino,2016,36,AA-,stable,Aa2,stable,AA,stable
San Bernardino,2017,36,AA-,stable,Aa2,stable,AA,stable
San Diego,2007,37,AA,positive,Aa1,stable,AA+,stable
San Diego,2008,37,AA+,stable,Aa1,stable,AA+,stable
San Diego,2009,37,AA+,stable,Aa1,stable,AA+,stable
San Diego,2010,37,AA+,stable,Aa1,stable,AA+,stable
San Diego,2011,37,AA+,stable,Aa1,stable,AA+,stable
San Diego,2012,37,AA+,stable,Aa1,stable,AA+,stable
San Diego,2013,37,NR,NR,Aa1,positive,AA+,stable
San Diego,2014,37,NR,NR,Aaa,stable,AAA,stable
San Diego,2015,37,NR,NR,Aaa,stable,AAA,stable
San Diego,2016,37,NR,NR,Aaa,stable,AAA,stable
San Diego,2017,37,NR,NR,Aaa,stable,AAA,stable
San Joaquin,2007,39,A,stable,Aa3,stable,NR,NR
San Joaquin,2008,39,A,stable,Aa3,stable,NR,NR
San Joaquin,2009,39,A,stable,Aa3,negative,NR,NR
San Joaquin,2010,39,A,stable,A1,stable,NR,NR
San Joaquin,2011,39,A,stable,A1,stable,NR,NR
San Joaquin,2012,39,A,negative,A1,stable,NR,NR
San Joaquin,2013,39,BBB+,stable,A1,stable,NR,NR
San Joaquin,2014,39,A-,stable,A1,stable,NR,NR
San Joaquin,2015,39,A-,stable,A1,positive,NR,NR
San Joaquin,2016,39,A-,positive,Aa3,stable,NR,NR
San Joaquin,2017,39,A+,stable,Aa3,stable,NR,NR
San Luis Obispo,2007,40,AA-,stable,NR,NR,AA-,stable
San Luis Obispo,2008,40,AA-,stable,NR,NR,AA-,stable
San Luis Obispo,2009,40,AA-,stable,NR,NR,AA-,stable
San Luis Obispo,2010,40,AA-,stable,NR,NR,AA-,stable
San Luis Obispo,2011,40,AA-,stable,NR,NR,AA,stable
San Luis Obispo,2012,40,AA-,stable,NR,NR,AA,stable
San Luis Obispo,2013,40,AA-,positive,NR,NR,AA+,stable
San Luis Obispo,2014,40,AA+,stable,NR,NR,AA+,stable
San Luis Obispo,2015,40,AA+,stable,NR,NR,AA+,stable
San Luis Obispo,2016,40,AA+,stable,NR,NR,AA+,positive
San Luis Obispo,2017,40,AA+,positive,NR,NR,AAA,stable
San Mateo,2007,41,AA+,stable,Aa1,stable,NR,NR
San Mateo,2008,41,AA+,stable,Aa1,stable,NR,NR
San Mateo,2009,41,AA+,stable,Aa1,stable,NR,NR
San Mateo,2010,41,AA+,stable,Aa1,stable,NR,NR
San Mateo,2011,41,AA+,stable,Aa1,stable,NR,NR
San Mateo,2012,41,AA+,stable,Aaa,stable,NR,NR
San Mateo,2013,41,AA+,stable,Aaa,stable,NR,NR
San Mateo,2014,41,AA+,stable,Aaa,stable,NR,NR
San Mateo,2015,41,AA+,stable,Aaa,stable,NR,NR
San Mateo,2016,41,AA+,stable,Aaa,stable,NR,NR
San Mateo,2017,41,AA+,stable,Aaa,stable,NR,NR
Santa Barbara,2007,42,AA,positive,Aa1,stable,NR,NR
Santa Barbara,2008,42,AA+,stable,Aa1,stable,NR,NR
Santa Barbara,2009,42,AA+,stable,Aa1,stable,NR,NR
Santa Barbara,2010,42,AA+,stable,Aa1,stable,NR,NR
Santa Barbara,2011,42,AA+,stable,Aa1,stable,NR,NR
Santa Barbara,2012,42,AA+,stable,Aa1,stable,NR,NR
Santa Barbara,2013,42,AA+,stable,Aa1,stable,NR,NR
Santa Barbara,2014,42,AA+,stable,Aa1,stable,NR,NR
Santa Barbara,2015,42,AA+,stable,Aa1,stable,NR,NR
Santa Barbara,2016,42,AA+,stable,Aa1,stable,NR,NR
Santa Barbara,2017,42,AA+,stable,Aa1,stable,NR,NR
Santa Clara,2007,43,AA,stable,Aa2,stable,AA+,stable
Santa Clara,2008,43,AA,stable,Aa2,stable,AA+,stable
Santa Clara,2009,43,AA,stable,Aa2,stable,AA+,stable
Santa Clara,2010,43,AA,stable,Aa2,stable,AA+,stable
Santa Clara,2011,43,AA,stable,Aa2,stable,AA+,stable
Santa Clara,2012,43,AA,positive,Aa2,stable,AA+,stable
Santa Clara,2013,43,AA+,stable,Aa2,stable,AA+,stable
Santa Clara,2014,43,AA+,stable,Aa2,stable,AA+,stable
Santa Clara,2015,43,AA+,stable,Aa2,stable,AA+,stable
Santa Clara,2016,43,AA+,stable,Aa2,stable,AA+,stable
Santa Clara,2017,43,AA+,stable,Aa2,stable,AA+,stable
Santa Cruz,2007,44,A+,stable,A2,stable,NR,NR
Santa Cruz,2008,44,A+,stable,A2,stable,NR,NR
Santa Cruz,2009,44,A+,stable,A2,stable,NR,NR
Santa Cruz,2010,44,A+,stable,Aa2,negative,NR,NR
Santa Cruz,2011,44,A+,stable,Aa3,stable,NR,NR
Santa Cruz,2012,44,A+,stable,Aa3,stable,NR,NR
Santa Cruz,2013,44,A+,stable,Aa3,stable,NR,NR
Santa Cruz,2014,44,A+,positive,Aa3,stable,NR,NR
Santa Cruz,2015,44,AA-,stable,Aa3,stable,NR,NR
Santa Cruz,2016,44,AA,positive,Aa3,stable,NR,NR
Santa Cruz,2017,44,AA+,stable,Aa3,stable,NR,NR
Shasta,2007,45,NR,NR,A1,stable,NR,NR
Shasta,2008,45,NR,NR,A1,stable,NR,NR
Shasta,2009,45,NR,NR,A1,stable,NR,NR
Shasta,2010,45,NR,NR,A1,stable,NR,NR
Shasta,2011,45,NR,NR,A1,stable,NR,NR
Shasta,2012,45,NR,NR,A1,stable,NR,NR
Shasta,2013,45,NR,NR,A1,stable,NR,NR
Shasta,2014,45,NR,NR,A1,stable,NR,NR
Shasta,2015,45,NR,NR,A1,positive,NR,NR
Shasta,2016,45,NR,NR,Aa3,stable,NR,NR
Shasta,2017,45,NR,NR,Aa3,stable,NR,NR
Sierra,2007,46,NR,NR,NR,NR,NR,NR
Sierra,2008,46,NR,NR,NR,NR,NR,NR
Sierra,2009,46,NR,NR,NR,NR,NR,NR
Sierra,2010,46,NR,NR,NR,NR,NR,NR
Sierra,2011,46,NR,NR,NR,NR,NR,NR
Sierra,2012,46,NR,NR,NR,NR,NR,NR
Sierra,2013,46,NR,NR,NR,NR,NR,NR
Sierra,2014,46,NR,NR,NR,NR,NR,NR
Sierra,2015,46,NR,NR,NR,NR,NR,NR
Sierra,2016,46,NR,NR,NR,NR,NR,NR
Sierra,2017,46,NR,NR,NR,NR,NR,NR
Siskiyou,2007,47,NR,NR,NR,NR,NR,NR
Siskiyou,2008,47,NR,NR,NR,NR,NR,NR
Siskiyou,2009,47,NR,NR,NR,NR,NR,NR
Siskiyou,2010,47,NR,NR,NR,NR,NR,NR
Siskiyou,2011,47,NR,NR,NR,NR,NR,NR
Siskiyou,2012,47,NR,NR,NR,NR,NR,NR
Siskiyou,2013,47,NR,NR,NR,NR,NR,NR
Siskiyou,2014,47,NR,NR,NR,NR,NR,NR
Siskiyou,2015,47,NR,NR,NR,NR,NR,NR
Siskiyou,2016,47,NR,NR,NR,NR,NR,NR
Siskiyou,2017,47,NR,NR,NR,NR,NR,NR
Solano,2007,48,AA-,stable,Aa3,stable,NR,NR
Solano,2008,48,AA-,stable,Aa3,stable,NR,NR
Solano,2009,48,AA-,stable,Aa3,stable,NR,NR
Solano,2010,48,AA-,stable,Aa2,stable,NR,NR
Solano,2011,48,AA-,stable,Aa2,stable,NR,NR
Solano,2012,48,AA-,stable,Aa2,stable,NR,NR
Solano,2013,48,AA-,stable,Aa2,stable,NR,NR
Solano,2014,48,AA-,stable,Aa2,stable,NR,NR
Solano,2015,48,AA-,stable,Aa2,stable,NR,NR
Solano,2016,48,AA-,positive,Aa2,stable,NR,NR
Solano,2017,48,AA,stable,Aa2,stable,NR,NR
Sonoma,2007,49,AA-,stable,Aa2,stable,AA,stable
Sonoma,2008,49,AA-,stable,Aa2,stable,AA,stable
Sonoma,2009,49,AA-,stable,Aa2,stable,AA,stable
Sonoma,2010,49,AA-,stable,Aa2,stable,AA,stable
Sonoma,2011,49,AA-,stable,Aa2,stable,AA,stable
Sonoma,2012,49,AA-,positive,Aa2,stable,AA,stable
Sonoma,2013,49,AA,stable,Aa2,positive,AA,stable
Sonoma,2014,49,AA,stable,Aa1,stable,AA+,stable
Sonoma,2015,49,AA,stable,NR,NR,AA+,stable
Sonoma,2016,49,AA,positive,NR,NR,AA+,stable
Sonoma,2017,49,AA+,stable,NR,NR,AA+,stable
Stanislaus,2007,50,NR,NR,NR,NR,NR,NR
Stanislaus,2008,50,NR,NR,NR,NR,NR,NR
Stanislaus,2009,50,NR,NR,NR,NR,NR,NR
Stanislaus,2010,50,A+,stable,NR,NR,NR,NR
Stanislaus,2011,50,A+,negative,NR,NR,NR,NR
Stanislaus,2012,50,A+,stable,NR,NR,NR,NR
Stanislaus,2013,50,A+,stable,NR,NR,NR,NR
Stanislaus,2014,50,A+,stable,NR,NR,NR,NR
Stanislaus,2015,50,A+,stable,NR,NR,NR,NR
Stanislaus,2016,50,A+,stable,NR,NR,NR,NR
Stanislaus,2017,50,A+,stable,NR,NR,NR,NR
Sutter,2007,51,NR,NR,NR,NR,NR,NR
Sutter,2008,51,NR,NR,NR,NR,NR,NR
Sutter,2009,51,NR,NR,NR,NR,NR,NR
Sutter,2010,51,NR,NR,NR,NR,NR,NR
Sutter,2011,51,NR,NR,NR,NR,NR,NR
Sutter,2012,51,NR,NR,NR,NR,NR,NR
Sutter,2013,51,NR,NR,NR,NR,NR,NR
Sutter,2014,51,NR,NR,NR,NR,NR,NR
Sutter,2015,51,NR,NR,NR,NR,NR,NR
Sutter,2016,51,NR,NR,NR,NR,NR,NR
Sutter,2017,51,NR,NR,NR,NR,NR,NR
Tehama,2007,52,NR,NR,NR,NR,NR,NR
Tehama,2008,52,NR,NR,NR,NR,NR,NR
Tehama,2009,52,A,stable,NR,NR,NR,NR
Tehama,2010,52,A,stable,NR,NR,NR,NR
Tehama,2011,52,A,stable,NR,NR,NR,NR
Tehama,2012,52,A,stable,NR,NR,NR,NR
Tehama,2013,52,A,stable,NR,NR,NR,NR
Tehama,2014,52,A,stable,NR,NR,NR,NR
Tehama,2015,52,A,stable,NR,NR,NR,NR
Tehama,2016,52,A,stable,NR,NR,NR,NR
Tehama,2017,52,A,stable,NR,NR,NR,NR
Trinity,2007,53,NR,NR,NR,NR,NR,NR
Trinity,2008,53,NR,NR,NR,NR,NR,NR
Trinity,2009,53,NR,NR,NR,NR,NR,NR
Trinity,2010,53,NR,NR,NR,NR,NR,NR
Trinity,2011,53,NR,NR,NR,NR,NR,NR
Trinity,2012,53,NR,NR,NR,NR,NR,NR
Trinity,2013,53,NR,NR,NR,NR,NR,NR
Trinity,2014,53,NR,NR,NR,NR,NR,NR
Trinity,2015,53,NR,NR,NR,NR,NR,NR
Trinity,2016,53,NR,NR,NR,NR,NR,NR
Trinity,2017,53,NR,NR,NR,NR,NR,NR
Tulare,2007,54,NR,NR,A1,stable,NR,NR
Tulare,2008,54,NR,NR,A1,stable,NR,NR
Tulare,2009,54,NR,NR,A1,stable,NR,NR
Tulare,2010,54,NR,NR,A1,stable,NR,NR
Tulare,2011,54,NR,NR,A1,stable,NR,NR
Tulare,2012,54,NR,NR,Aa2,stable,NR,NR
Tulare,2013,54,NR,NR,Aa2,stable,NR,NR
Tulare,2014,54,NR,NR,Aa2,stable,NR,NR
Tulare,2015,54,NR,NR,Aa2,stable,NR,NR
Tulare,2016,54,NR,NR,Aa2,stable,NR,NR
Tulare,2017,54,NR,NR,Aa2,stable,NR,NR
Tuolumne,2007,55,NR,NR,Aa3,stable,NR,NR
Tuolumne,2008,55,NR,NR,Aa3,stable,NR,NR
Tuolumne,2009,55,NR,NR,Aa3,stable,NR,NR
Tuolumne,2010,55,NR,NR,Aa3,stable,NR,NR
Tuolumne,2011,55,NR,NR,Aa3,stable,NR,NR
Tuolumne,2012,55,NR,NR,Aa3,stable,NR,NR
Tuolumne,2013,55,NR,NR,Aa3,stable,NR,NR
Tuolumne,2014,55,NR,NR,Aa3,stable,NR,NR
Tuolumne,2015,55,NR,NR,Aa3,stable,NR,NR
Tuolumne,2016,55,NR,NR,Aa3,stable,NR,NR
Tuolumne,2017,55,NR,NR,Aa3,stable,NR,NR
Ventura,2007,56,NR,NR,Aa2,stable,NR,NR
Ventura,2008,56,NR,NR,Aa2,stable,NR,NR
Ventura,2009,56,AA,stable,Aa2,stable,NR,NR
Ventura,2010,56,AA,stable,Aa2,stable,NR,NR
Ventura,2011,56,AA,stable,Aa2,stable,NR,NR
Ventura,2012,56,AA,stable,Aa2,positive,NR,NR
Ventura,2013,56,AA,stable,Aa1,stable,AA+,stable
Ventura,2014,56,AA,stable,Aa1,stable,AA+,stable
Ventura,2015,56,AA,stable,Aa1,positive,AA+,stable
Ventura,2016,56,AA,stable,Aaa,stable,AA+,stable
Ventura,2017,56,AA,stable,Aaa,stable,AA+,stable
Yolo,2007,57,NR,NR,NR,NR,NR,NR
Yolo,2008,57,NR,NR,NR,NR,NR,NR
Yolo,2009,57,NR,NR,NR,NR,NR,NR
Yolo,2010,57,NR,NR,NR,NR,NR,NR
Yolo,2011,57,BBB+,stable,NR,NR,NR,NR
Yolo,2012,57,BBB+,stable,NR,NR,NR,NR
Yolo,2013,57,BBB+,positive,NR,NR,NR,NR
Yolo,2014,57,A-,stable,NR,NR,NR,NR
Yolo,2015,57,A+,stable,NR,NR,NR,NR
Yolo,2016,57,A+,stable,NR,NR,NR,NR
Yolo,2017,57,A+,stable,NR,NR,NR,NR
Yuba,2007,58,NR,NR,NR,NR,NR,NR
Yuba,2008,58,NR,NR,NR,NR,NR,NR
Yuba,2009,58,NR,NR,NR,NR,NR,NR
Yuba,2010,58,NR,NR,NR,NR,NR,NR
Yuba,2011,58,NR,NR,NR,NR,NR,NR
Yuba,2012,58,NR,NR,NR,NR,NR,NR
Yuba,2013,58,NR,NR,NR,NR,NR,NR
Yuba,2014,58,NR,NR,NR,NR,NR,NR
Yuba,2015,58,A,stable,NR,NR,NR,NR
Yuba,2016,58,A,stable,NR,NR,NR,NR
Yuba,2017,58,A,stable,NR,NR,NR,NR