"Program","Year","Period","Week Ending","Geo Level","State","State ANSI","Ag District","Ag District Code","County","County ANSI","Zip Code","Region","watershed_code","Watershed","Commodity","Data Item","Domain","Domain Category","Value","CV (%)"
"CENSUS","2012","YEAR","","COUNTY","CALIFORNIA","06","CENTRAL COAST","40","ALAMEDA","001","","","00000000","","AG LAND","AG LAND, IRRIGATED - ACRES","TOTAL","NOT SPECIFIED","8,893","3.7"
"CENSUS","2012","YEAR","","COUNTY","CALIFORNIA","06","CENTRAL COAST","40","CONTRA COSTA","013","","","00000000","","AG LAND","AG LAND, IRRIGATED - ACRES","TOTAL","NOT SPECIFIED","27,272","3.7"
"CENSUS","2012","YEAR","","COUNTY","CALIFORNIA","06","CENTRAL COAST","40","LAKE","033","","","00000000","","AG LAND","AG LAND, IRRIGATED - ACRES","TOTAL","NOT SPECIFIED","13,499","3.7"
"CENSUS","2012","YEAR","","COUNTY","CALIFORNIA","06","CENTRAL COAST","40","MARIN","041","","","00000000","","AG LAND","AG LAND, IRRIGATED - ACRES","TOTAL","NOT SPECIFIED","3,732","3.7"
"CENSUS","2012","YEAR","","COUNTY","CALIFORNIA","06","CENTRAL COAST","40","MONTEREY","053","","","00000000","","AG LAND","AG LAND, IRRIGATED - ACRES","TOTAL","NOT SPECIFIED","263,835","3.7"
"CENSUS","2012","YEAR","","COUNTY","CALIFORNIA","06","CENTRAL COAST","40","NAPA","055","","","00000000","","AG LAND","AG LAND, IRRIGATED - ACRES","TOTAL","NOT SPECIFIED","54,580","3.7"
"CENSUS","2012","YEAR","","COUNTY","CALIFORNIA","06","CENTRAL COAST","40","SAN BENITO","069","","","00000000","","AG LAND","AG LAND, IRRIGATED - ACRES","TOTAL","NOT SPECIFIED","19,202","3.7"
"CENSUS","2012","YEAR","","COUNTY","CALIFORNIA","06","CENTRAL COAST","40","SAN LUIS OBISPO","079","","","00000000","","AG LAND","AG LAND, IRRIGATED - ACRES","TOTAL","NOT SPECIFIED","81,636","3.7"
"CENSUS","2012","YEAR","","COUNTY","CALIFORNIA","06","CENTRAL COAST","40","SAN MATEO","081","","","00000000","","AG LAND","AG LAND, IRRIGATED - ACRES","TOTAL","NOT SPECIFIED","2,822","3.7"
"CENSUS","2012","YEAR","","COUNTY","CALIFORNIA","06","CENTRAL COAST","40","SANTA CLARA","085","","","00000000","","AG LAND","AG LAND, IRRIGATED - ACRES","TOTAL","NOT SPECIFIED","17,756","3.7"
"CENSUS","2012","YEAR","","COUNTY","CALIFORNIA","06","CENTRAL COAST","40","SANTA CRUZ","087","","","00000000","","AG LAND","AG LAND, IRRIGATED - ACRES","TOTAL","NOT SPECIFIED","28,897","3.7"
"CENSUS","2012","YEAR","","COUNTY","CALIFORNIA","06","CENTRAL COAST","40","SONOMA","097","","","00000000","","AG LAND","AG LAND, IRRIGATED - ACRES","TOTAL","NOT SPECIFIED","74,969","3.7"
"CENSUS","2012","YEAR","","COUNTY","CALIFORNIA","06","NORTHEAST","30","LASSEN","035","","","00000000","","AG LAND","AG LAND, IRRIGATED - ACRES","TOTAL","NOT SPECIFIED","65,960","3.7"
"CENSUS","2012","YEAR","","COUNTY","CALIFORNIA","06","NORTHEAST","30","MODOC","049","","","00000000","","AG LAND","AG LAND, IRRIGATED - ACRES","TOTAL","NOT SPECIFIED","128,360","3.7"
"CENSUS","2012","YEAR","","COUNTY","CALIFORNIA","06","NORTHEAST","30","PLUMAS","063","","","00000000","","AG LAND","AG LAND, IRRIGATED - ACRES","TOTAL","NOT SPECIFIED","19,142","3.7"
"CENSUS","2012","YEAR","","COUNTY","CALIFORNIA","06","NORTHERN COAST","10","DEL NORTE","015","","","00000000","","AG LAND","AG LAND, IRRIGATED - ACRES","TOTAL","NOT SPECIFIED","9,229","3.7"
"CENSUS","2012","YEAR","","COUNTY","CALIFORNIA","06","NORTHERN COAST","10","HUMBOLDT","023","","","00000000","","AG LAND","AG LAND, IRRIGATED - ACRES","TOTAL","NOT SPECIFIED","17,051","3.7"
"CENSUS","2012","YEAR","","COUNTY","CALIFORNIA","06","NORTHERN COAST","10","MENDOCINO","045","","","00000000","","AG LAND","AG LAND, IRRIGATED - ACRES","TOTAL","NOT SPECIFIED","25,693","3.7"
"CENSUS","2012","YEAR","","COUNTY","CALIFORNIA","06","SACRAMENTO VALLEY","50","BUTTE","007","","","00000000","","AG LAND","AG LAND, IRRIGATED - ACRES","TOTAL","NOT SPECIFIED","199,662","3.7"
"CENSUS","2012","YEAR","","COUNTY","CALIFORNIA","06","SACRAMENTO VALLEY","50","COLUSA","011","","","00000000","","AG LAND","AG LAND, IRRIGATED - ACRES","TOTAL","NOT SPECIFIED","260,859","3.7"
"CENSUS","2012","YEAR","","COUNTY","CALIFORNIA","06","SACRAMENTO VALLEY","50","GLENN","021","","","00000000","","AG LAND","AG LAND, IRRIGATED - ACRES","TOTAL","NOT SPECIFIED","242,932","3.7"
"CENSUS","2012","YEAR","","COUNTY","CALIFORNIA","06","SACRAMENTO VALLEY","50","SACRAMENTO","067","","","00000000","","AG LAND","AG LAND, IRRIGATED - ACRES","TOTAL","NOT SPECIFIED","85,979","3.7"
"CENSUS","2012","YEAR","","COUNTY","CALIFORNIA","06","SACRAMENTO VALLEY","50","SOLANO","095","","","00000000","","AG LAND","AG LAND, IRRIGATED - ACRES","TOTAL","NOT SPECIFIED","130,909","3.7"
"CENSUS","2012","YEAR","","COUNTY","CALIFORNIA","06","SACRAMENTO VALLEY","50","SUTTER","101","","","00000000","","AG LAND","AG LAND, IRRIGATED - ACRES","TOTAL","NOT SPECIFIED","244,305","3.7"
"CENSUS","2012","YEAR","","COUNTY","CALIFORNIA","06","SACRAMENTO VALLEY","50","TEHAMA","103","","","00000000","","AG LAND","AG LAND, IRRIGATED - ACRES","TOTAL","NOT SPECIFIED","84,912","3.7"
"CENSUS","2012","YEAR","","COUNTY","CALIFORNIA","06","SACRAMENTO VALLEY","50","YOLO","113","","","00000000","","AG LAND","AG LAND, IRRIGATED - ACRES","TOTAL","NOT SPECIFIED","229,901","3.7"
"CENSUS","2012","YEAR","","COUNTY","CALIFORNIA","06","SACRAMENTO VALLEY","50","YUBA","115","","","00000000","","AG LAND","AG LAND, IRRIGATED - ACRES","TOTAL","NOT SPECIFIED","82,475","3.7"
"CENSUS","2012","YEAR","","COUNTY","CALIFORNIA","06","SAN JOAQUIN VALLEY","51","FRESNO","019","","","00000000","","AG LAND","AG LAND, IRRIGATED - ACRES","TOTAL","NOT SPECIFIED","968,727","3.7"
"CENSUS","2012","YEAR","","COUNTY","CALIFORNIA","06","SAN JOAQUIN VALLEY","51","KERN","029","","","00000000","","AG LAND","AG LAND, IRRIGATED - ACRES","TOTAL","NOT SPECIFIED","729,956","3.7"
"CENSUS","2012","YEAR","","COUNTY","CALIFORNIA","06","SAN JOAQUIN VALLEY","51","KINGS","031","","","00000000","","AG LAND","AG LAND, IRRIGATED - ACRES","TOTAL","NOT SPECIFIED","407,417","3.7"
"CENSUS","2012","YEAR","","COUNTY","CALIFORNIA","06","SAN JOAQUIN VALLEY","51","MADERA","039","","","00000000","","AG LAND","AG LAND, IRRIGATED - ACRES","TOTAL","NOT SPECIFIED","292,274","3.7"
"CENSUS","2012","YEAR","","COUNTY","CALIFORNIA","06","SAN JOAQUIN VALLEY","51","MERCED","047","","","00000000","","AG LAND","AG LAND, IRRIGATED - ACRES","TOTAL","NOT SPECIFIED","468,226","3.7"
"CENSUS","2012","YEAR","","COUNTY","CALIFORNIA","06","SAN JOAQUIN VALLEY","51","SAN JOAQUIN","077","","","00000000","","AG LAND","AG LAND, IRRIGATED - ACRES","TOTAL","NOT SPECIFIED","485,402","3.7"
"CENSUS","2012","YEAR","","COUNTY","CALIFORNIA","06","SAN JOAQUIN VALLEY","51","STANISLAUS","099","","","00000000","","AG LAND","AG LAND, IRRIGATED - ACRES","TOTAL","NOT SPECIFIED","320,784","3.7"
"CENSUS","2012","YEAR","","COUNTY","CALIFORNIA","06","SAN JOAQUIN VALLEY","51","TULARE","107","","","00000000","","AG LAND","AG LAND, IRRIGATED - ACRES","TOTAL","NOT SPECIFIED","557,361","3.7"
"CENSUS","2012","YEAR","","COUNTY","CALIFORNIA","06","SIERRA MOUNTAINS","60","ALPINE","003","","","00000000","","AG LAND","AG LAND, IRRIGATED - ACRES","TOTAL","NOT SPECIFIED","239","3.7"
"CENSUS","2012","YEAR","","COUNTY","CALIFORNIA","06","SIERRA MOUNTAINS","60","AMADOR","005","","","00000000","","AG LAND","AG LAND, IRRIGATED - ACRES","TOTAL","NOT SPECIFIED","11,321","3.7"
"CENSUS","2012","YEAR","","COUNTY","CALIFORNIA","06","SIERRA MOUNTAINS","60","CALAVERAS","009","","","00000000","","AG LAND","AG LAND, IRRIGATED - ACRES","TOTAL","NOT SPECIFIED","4,523","3.7"
"CENSUS","2012","YEAR","","COUNTY","CALIFORNIA","06","SIERRA MOUNTAINS","60","EL DORADO","017","","","00000000","","AG LAND","AG LAND, IRRIGATED - ACRES","TOTAL","NOT SPECIFIED","6,811","3.7"
"CENSUS","2012","YEAR","","COUNTY","CALIFORNIA","06","SIERRA MOUNTAINS","60","INYO","027","","","00000000","","AG LAND","AG LAND, IRRIGATED - ACRES","TOTAL","NOT SPECIFIED","23,832","3.7"
"CENSUS","2012","YEAR","","COUNTY","CALIFORNIA","06","SIERRA MOUNTAINS","60","MARIPOSA","043","","","00000000","","AG LAND","AG LAND, IRRIGATED - ACRES","TOTAL","NOT SPECIFIED","1,806","3.7"
"CENSUS","2012","YEAR","","COUNTY","CALIFORNIA","06","SIERRA MOUNTAINS","60","MONO","051","","","00000000","","AG LAND","AG LAND, IRRIGATED - ACRES","TOTAL","NOT SPECIFIED","21,506","3.7"
"CENSUS","2012","YEAR","","COUNTY","CALIFORNIA","06","SIERRA MOUNTAINS","60","NEVADA","057","","","00000000","","AG LAND","AG LAND, IRRIGATED - ACRES","TOTAL","NOT SPECIFIED","5,314","3.7"
"CENSUS","2012","YEAR","","COUNTY","CALIFORNIA","06","SIERRA MOUNTAINS","60","PLACER","061","","","00000000","","AG LAND","AG LAND, IRRIGATED - ACRES","TOTAL","NOT SPECIFIED","20,674","3.7"
"CENSUS","2012","YEAR","","COUNTY","CALIFORNIA","06","SIERRA MOUNTAINS","60","SIERRA","091","","","00000000","","AG LAND","AG LAND, IRRIGATED - ACRES","TOTAL","NOT SPECIFIED","9,687","3.7"
"CENSUS","2012","YEAR","","COUNTY","CALIFORNIA","06","SIERRA MOUNTAINS","60","TUOLUMNE","109","","","00000000","","AG LAND","AG LAND, IRRIGATED - ACRES","TOTAL","NOT SPECIFIED","2,265","3.7"
"CENSUS","2012","YEAR","","COUNTY","CALIFORNIA","06","SISKIYOU-SHASTA","20","SHASTA","089","","","00000000","","AG LAND","AG LAND, IRRIGATED - ACRES","TOTAL","NOT SPECIFIED","38,234","3.7"
"CENSUS","2012","YEAR","","COUNTY","CALIFORNIA","06","SISKIYOU-SHASTA","20","SISKIYOU","093","","","00000000","","AG LAND","AG LAND, IRRIGATED - ACRES","TOTAL","NOT SPECIFIED","160,033","3.7"
"CENSUS","2012","YEAR","","COUNTY","CALIFORNIA","06","SISKIYOU-SHASTA","20","TRINITY","105","","","00000000","","AG LAND","AG LAND, IRRIGATED - ACRES","TOTAL","NOT SPECIFIED","1,614","3.7"
"CENSUS","2012","YEAR","","COUNTY","CALIFORNIA","06","SOUTHERN CALIFORNIA","80","IMPERIAL","025","","","00000000","","AG LAND","AG LAND, IRRIGATED - ACRES","TOTAL","NOT SPECIFIED","455,033","3.7"
"CENSUS","2012","YEAR","","COUNTY","CALIFORNIA","06","SOUTHERN CALIFORNIA","80","LOS ANGELES","037","","","00000000","","AG LAND","AG LAND, IRRIGATED - ACRES","TOTAL","NOT SPECIFIED","39,653","3.7"
"CENSUS","2012","YEAR","","COUNTY","CALIFORNIA","06","SOUTHERN CALIFORNIA","80","ORANGE","059","","","00000000","","AG LAND","AG LAND, IRRIGATED - ACRES","TOTAL","NOT SPECIFIED","8,054","3.7"
"CENSUS","2012","YEAR","","COUNTY","CALIFORNIA","06","SOUTHERN CALIFORNIA","80","RIVERSIDE","065","","","00000000","","AG LAND","AG LAND, IRRIGATED - ACRES","TOTAL","NOT SPECIFIED","145,961","3.7"
"CENSUS","2012","YEAR","","COUNTY","CALIFORNIA","06","SOUTHERN CALIFORNIA","80","SAN BERNARDINO","071","","","00000000","","AG LAND","AG LAND, IRRIGATED - ACRES","TOTAL","NOT SPECIFIED","21,788","3.7"
"CENSUS","2012","YEAR","","COUNTY","CALIFORNIA","06","SOUTHERN CALIFORNIA","80","SAN DIEGO","073","","","00000000","","AG LAND","AG LAND, IRRIGATED - ACRES","TOTAL","NOT SPECIFIED","45,164","3.7"
"CENSUS","2012","YEAR","","COUNTY","CALIFORNIA","06","SOUTHERN CALIFORNIA","80","SANTA BARBARA","083","","","00000000","","AG LAND","AG LAND, IRRIGATED - ACRES","TOTAL","NOT SPECIFIED","96,695","3.7"
"CENSUS","2012","YEAR","","COUNTY","CALIFORNIA","06","SOUTHERN CALIFORNIA","80","VENTURA","111","","","00000000","","AG LAND","AG LAND, IRRIGATED - ACRES","TOTAL","NOT SPECIFIED","87,148","3.7"
"CENSUS","2007","YEAR","","COUNTY","CALIFORNIA","06","CENTRAL COAST","40","ALAMEDA","001","","","00000000","","AG LAND","AG LAND, IRRIGATED - ACRES","TOTAL","NOT SPECIFIED","9,687",""
"CENSUS","2007","YEAR","","COUNTY","CALIFORNIA","06","CENTRAL COAST","40","CONTRA COSTA","013","","","00000000","","AG LAND","AG LAND, IRRIGATED - ACRES","TOTAL","NOT SPECIFIED","27,421",""
"CENSUS","2007","YEAR","","COUNTY","CALIFORNIA","06","CENTRAL COAST","40","LAKE","033","","","00000000","","AG LAND","AG LAND, IRRIGATED - ACRES","TOTAL","NOT SPECIFIED","13,551",""
"CENSUS","2007","YEAR","","COUNTY","CALIFORNIA","06","CENTRAL COAST","40","MARIN","041","","","00000000","","AG LAND","AG LAND, IRRIGATED - ACRES","TOTAL","NOT SPECIFIED","1,614",""
"CENSUS","2007","YEAR","","COUNTY","CALIFORNIA","06","CENTRAL COAST","40","MONTEREY","053","","","00000000","","AG LAND","AG LAND, IRRIGATED - ACRES","TOTAL","NOT SPECIFIED","232,969",""
"CENSUS","2007","YEAR","","COUNTY","CALIFORNIA","06","CENTRAL COAST","40","NAPA","055","","","00000000","","AG LAND","AG LAND, IRRIGATED - ACRES","TOTAL","NOT SPECIFIED","51,604",""
"CENSUS","2007","YEAR","","COUNTY","CALIFORNIA","06","CENTRAL COAST","40","SAN BENITO","069","","","00000000","","AG LAND","AG LAND, IRRIGATED - ACRES","TOTAL","NOT SPECIFIED","30,372",""
"CENSUS","2007","YEAR","","COUNTY","CALIFORNIA","06","CENTRAL COAST","40","SAN FRANCISCO","075","","","00000000","","AG LAND","AG LAND, IRRIGATED - ACRES","TOTAL","NOT SPECIFIED","6",""
"CENSUS","2007","YEAR","","COUNTY","CALIFORNIA","06","CENTRAL COAST","40","SAN LUIS OBISPO","079","","","00000000","","AG LAND","AG LAND, IRRIGATED - ACRES","TOTAL","NOT SPECIFIED","98,898",""
"CENSUS","2007","YEAR","","COUNTY","CALIFORNIA","06","CENTRAL COAST","40","SAN MATEO","081","","","00000000","","AG LAND","AG LAND, IRRIGATED - ACRES","TOTAL","NOT SPECIFIED","3,579",""
"CENSUS","2007","YEAR","","COUNTY","CALIFORNIA","06","CENTRAL COAST","40","SANTA CLARA","085","","","00000000","","AG LAND","AG LAND, IRRIGATED - ACRES","TOTAL","NOT SPECIFIED","22,245",""
"CENSUS","2007","YEAR","","COUNTY","CALIFORNIA","06","CENTRAL COAST","40","SANTA CRUZ","087","","","00000000","","AG LAND","AG LAND, IRRIGATED - ACRES","TOTAL","NOT SPECIFIED","19,641",""
"CENSUS","2007","YEAR","","COUNTY","CALIFORNIA","06","CENTRAL COAST","40","SONOMA","097","","","00000000","","AG LAND","AG LAND, IRRIGATED - ACRES","TOTAL","NOT SPECIFIED","78,265",""
"CENSUS","2007","YEAR","","COUNTY","CALIFORNIA","06","NORTHEAST","30","LASSEN","035","","","00000000","","AG LAND","AG LAND, IRRIGATED - ACRES","TOTAL","NOT SPECIFIED","69,876",""
"CENSUS","2007","YEAR","","COUNTY","CALIFORNIA","06","NORTHEAST","30","MODOC","049","","","00000000","","AG LAND","AG LAND, IRRIGATED - ACRES","TOTAL","NOT SPECIFIED","132,731",""
"CENSUS","2007","YEAR","","COUNTY","CALIFORNIA","06","NORTHEAST","30","PLUMAS","063","","","00000000","","AG LAND","AG LAND, IRRIGATED - ACRES","TOTAL","NOT SPECIFIED","20,229",""
"CENSUS","2007","YEAR","","COUNTY","CALIFORNIA","06","NORTHERN COAST","10","DEL NORTE","015","","","00000000","","AG LAND","AG LAND, IRRIGATED - ACRES","TOTAL","NOT SPECIFIED","7,660",""
"CENSUS","2007","YEAR","","COUNTY","CALIFORNIA","06","NORTHERN COAST","10","HUMBOLDT","023","","","00000000","","AG LAND","AG LAND, IRRIGATED - ACRES","TOTAL","NOT SPECIFIED","17,490",""
"CENSUS","2007","YEAR","","COUNTY","CALIFORNIA","06","NORTHERN COAST","10","MENDOCINO","045","","","00000000","","AG LAND","AG LAND, IRRIGATED - ACRES","TOTAL","NOT SPECIFIED","27,120",""
"CENSUS","2007","YEAR","","COUNTY","CALIFORNIA","06","SACRAMENTO VALLEY","50","BUTTE","007","","","00000000","","AG LAND","AG LAND, IRRIGATED - ACRES","TOTAL","NOT SPECIFIED","202,234",""
"CENSUS","2007","YEAR","","COUNTY","CALIFORNIA","06","SACRAMENTO VALLEY","50","COLUSA","011","","","00000000","","AG LAND","AG LAND, IRRIGATED - ACRES","TOTAL","NOT SPECIFIED","277,332",""
"CENSUS","2007","YEAR","","COUNTY","CALIFORNIA","06","SACRAMENTO VALLEY","50","GLENN","021","","","00000000","","AG LAND","AG LAND, IRRIGATED - ACRES","TOTAL","NOT SPECIFIED","236,134",""
"CENSUS","2007","YEAR","","COUNTY","CALIFORNIA","06","SACRAMENTO VALLEY","50","SACRAMENTO","067","","","00000000","","AG LAND","AG LAND, IRRIGATED - ACRES","TOTAL","NOT SPECIFIED","113,427",""
"CENSUS","2007","YEAR","","COUNTY","CALIFORNIA","06","SACRAMENTO VALLEY","50","SOLANO","095","","","00000000","","AG LAND","AG LAND, IRRIGATED - ACRES","TOTAL","NOT SPECIFIED","145,988",""
"CENSUS","2007","YEAR","","COUNTY","CALIFORNIA","06","SACRAMENTO VALLEY","50","SUTTER","101","","","00000000","","AG LAND","AG LAND, IRRIGATED - ACRES","TOTAL","NOT SPECIFIED","231,713",""
"CENSUS","2007","YEAR","","COUNTY","CALIFORNIA","06","SACRAMENTO VALLEY","50","TEHAMA","103","","","00000000","","AG LAND","AG LAND, IRRIGATED - ACRES","TOTAL","NOT SPECIFIED","76,081",""
"CENSUS","2007","YEAR","","COUNTY","CALIFORNIA","06","SACRAMENTO VALLEY","50","YOLO","113","","","00000000","","AG LAND","AG LAND, IRRIGATED - ACRES","TOTAL","NOT SPECIFIED","246,341",""
"CENSUS","2007","YEAR","","COUNTY","CALIFORNIA","06","SACRAMENTO VALLEY","50","YUBA","115","","","00000000","","AG LAND","AG LAND, IRRIGATED - ACRES","TOTAL","NOT SPECIFIED","70,987",""
"CENSUS","2007","YEAR","","COUNTY","CALIFORNIA","06","SAN JOAQUIN VALLEY","51","FRESNO","019","","","00000000","","AG LAND","AG LAND, IRRIGATED - ACRES","TOTAL","NOT SPECIFIED","984,455",""
"CENSUS","2007","YEAR","","COUNTY","CALIFORNIA","06","SAN JOAQUIN VALLEY","51","KERN","029","","","00000000","","AG LAND","AG LAND, IRRIGATED - ACRES","TOTAL","NOT SPECIFIED","786,255",""
"CENSUS","2007","YEAR","","COUNTY","CALIFORNIA","06","SAN JOAQUIN VALLEY","51","KINGS","031","","","00000000","","AG LAND","AG LAND, IRRIGATED - ACRES","TOTAL","NOT SPECIFIED","421,571",""
"CENSUS","2007","YEAR","","COUNTY","CALIFORNIA","06","SAN JOAQUIN VALLEY","51","MADERA","039","","","00000000","","AG LAND","AG LAND, IRRIGATED - ACRES","TOTAL","NOT SPECIFIED","281,658",""
"CENSUS","2007","YEAR","","COUNTY","CALIFORNIA","06","SAN JOAQUIN VALLEY","51","MERCED","047","","","00000000","","AG LAND","AG LAND, IRRIGATED - ACRES","TOTAL","NOT SPECIFIED","514,162",""
"CENSUS","2007","YEAR","","COUNTY","CALIFORNIA","06","SAN JOAQUIN VALLEY","51","SAN JOAQUIN","077","","","00000000","","AG LAND","AG LAND, IRRIGATED - ACRES","TOTAL","NOT SPECIFIED","453,980",""
"CENSUS","2007","YEAR","","COUNTY","CALIFORNIA","06","SAN JOAQUIN VALLEY","51","STANISLAUS","099","","","00000000","","AG LAND","AG LAND, IRRIGATED - ACRES","TOTAL","NOT SPECIFIED","374,997",""
"CENSUS","2007","YEAR","","COUNTY","CALIFORNIA","06","SAN JOAQUIN VALLEY","51","TULARE","107","","","00000000","","AG LAND","AG LAND, IRRIGATED - ACRES","TOTAL","NOT SPECIFIED","550,342",""
"CENSUS","2007","YEAR","","COUNTY","CALIFORNIA","06","SIERRA MOUNTAINS","60","ALPINE","003","","","00000000","","AG LAND","AG LAND, IRRIGATED - ACRES","TOTAL","NOT SPECIFIED"," (D)",""
"CENSUS","2007","YEAR","","COUNTY","CALIFORNIA","06","SIERRA MOUNTAINS","60","AMADOR","005","","","00000000","","AG LAND","AG LAND, IRRIGATED - ACRES","TOTAL","NOT SPECIFIED","10,132",""
"CENSUS","2007","YEAR","","COUNTY","CALIFORNIA","06","SIERRA MOUNTAINS","60","CALAVERAS","009","","","00000000","","AG LAND","AG LAND, IRRIGATED - ACRES","TOTAL","NOT SPECIFIED","4,888",""
"CENSUS","2007","YEAR","","COUNTY","CALIFORNIA","06","SIERRA MOUNTAINS","60","EL DORADO","017","","","00000000","","AG LAND","AG LAND, IRRIGATED - ACRES","TOTAL","NOT SPECIFIED","9,892",""
"CENSUS","2007","YEAR","","COUNTY","CALIFORNIA","06","SIERRA MOUNTAINS","60","INYO","027","","","00000000","","AG LAND","AG LAND, IRRIGATED - ACRES","TOTAL","NOT SPECIFIED","32,530",""
"CENSUS","2007","YEAR","","COUNTY","CALIFORNIA","06","SIERRA MOUNTAINS","60","MARIPOSA","043","","","00000000","","AG LAND","AG LAND, IRRIGATED - ACRES","TOTAL","NOT SPECIFIED"," (D)",""
"CENSUS","2007","YEAR","","COUNTY","CALIFORNIA","06","SIERRA MOUNTAINS","60","MONO","051","","","00000000","","AG LAND","AG LAND, IRRIGATED - ACRES","TOTAL","NOT SPECIFIED","22,217",""
"CENSUS","2007","YEAR","","COUNTY","CALIFORNIA","06","SIERRA MOUNTAINS","60","NEVADA","057","","","00000000","","AG LAND","AG LAND, IRRIGATED - ACRES","TOTAL","NOT SPECIFIED","7,223",""
"CENSUS","2007","YEAR","","COUNTY","CALIFORNIA","06","SIERRA MOUNTAINS","60","PLACER","061","","","00000000","","AG LAND","AG LAND, IRRIGATED - ACRES","TOTAL","NOT SPECIFIED","30,247",""
"CENSUS","2007","YEAR","","COUNTY","CALIFORNIA","06","SIERRA MOUNTAINS","60","SIERRA","091","","","00000000","","AG LAND","AG LAND, IRRIGATED - ACRES","TOTAL","NOT SPECIFIED","6,955",""
"CENSUS","2007","YEAR","","COUNTY","CALIFORNIA","06","SIERRA MOUNTAINS","60","TUOLUMNE","109","","","00000000","","AG LAND","AG LAND, IRRIGATED - ACRES","TOTAL","NOT SPECIFIED","2,135",""
"CENSUS","2007","YEAR","","COUNTY","CALIFORNIA","06","SISKIYOU-SHASTA","20","SHASTA","089","","","00000000","","AG LAND","AG LAND, IRRIGATED - ACRES","TOTAL","NOT SPECIFIED","48,690",""
"CENSUS","2007","YEAR","","COUNTY","CALIFORNIA","06","SISKIYOU-SHASTA","20","SISKIYOU","093","","","00000000","","AG LAND","AG LAND, IRRIGATED - ACRES","TOTAL","NOT SPECIFIED","144,112",""
"CENSUS","2007","YEAR","","COUNTY","CALIFORNIA","06","SISKIYOU-SHASTA","20","TRINITY","105","","","00000000","","AG LAND","AG LAND, IRRIGATED - ACRES","TOTAL","NOT SPECIFIED","1,384",""
"CENSUS","2007","YEAR","","COUNTY","CALIFORNIA","06","SOUTHERN CALIFORNIA","80","IMPERIAL","025","","","00000000","","AG LAND","AG LAND, IRRIGATED - ACRES","TOTAL","NOT SPECIFIED","376,535",""
"CENSUS","2007","YEAR","","COUNTY","CALIFORNIA","06","SOUTHERN CALIFORNIA","80","LOS ANGELES","037","","","00000000","","AG LAND","AG LAND, IRRIGATED - ACRES","TOTAL","NOT SPECIFIED","29,710",""
"CENSUS","2007","YEAR","","COUNTY","CALIFORNIA","06","SOUTHERN CALIFORNIA","80","ORANGE","059","","","00000000","","AG LAND","AG LAND, IRRIGATED - ACRES","TOTAL","NOT SPECIFIED","8,955",""
"CENSUS","2007","YEAR","","COUNTY","CALIFORNIA","06","SOUTHERN CALIFORNIA","80","RIVERSIDE","065","","","00000000","","AG LAND","AG LAND, IRRIGATED - ACRES","TOTAL","NOT SPECIFIED","168,051",""
"CENSUS","2007","YEAR","","COUNTY","CALIFORNIA","06","SOUTHERN CALIFORNIA","80","SAN BERNARDINO","071","","","00000000","","AG LAND","AG LAND, IRRIGATED - ACRES","TOTAL","NOT SPECIFIED","28,977",""
"CENSUS","2007","YEAR","","COUNTY","CALIFORNIA","06","SOUTHERN CALIFORNIA","80","SAN DIEGO","073","","","00000000","","AG LAND","AG LAND, IRRIGATED - ACRES","TOTAL","NOT SPECIFIED","62,213",""
"CENSUS","2007","YEAR","","COUNTY","CALIFORNIA","06","SOUTHERN CALIFORNIA","80","SANTA BARBARA","083","","","00000000","","AG LAND","AG LAND, IRRIGATED - ACRES","TOTAL","NOT SPECIFIED","95,091",""
"CENSUS","2007","YEAR","","COUNTY","CALIFORNIA","06","SOUTHERN CALIFORNIA","80","VENTURA","111","","","00000000","","AG LAND","AG LAND, IRRIGATED - ACRES","TOTAL","NOT SPECIFIED","91,253",""
"CENSUS","2002","YEAR","","COUNTY","CALIFORNIA","06","CENTRAL COAST","40","ALAMEDA","001","","","00000000","","AG LAND","AG LAND, IRRIGATED - ACRES","TOTAL","NOT SPECIFIED","6,185",""
"CENSUS","2002","YEAR","","COUNTY","CALIFORNIA","06","CENTRAL COAST","40","CONTRA COSTA","013","","","00000000","","AG LAND","AG LAND, IRRIGATED - ACRES","TOTAL","NOT SPECIFIED","32,921",""
"CENSUS","2002","YEAR","","COUNTY","CALIFORNIA","06","CENTRAL COAST","40","LAKE","033","","","00000000","","AG LAND","AG LAND, IRRIGATED - ACRES","TOTAL","NOT SPECIFIED","23,412",""
"CENSUS","2002","YEAR","","COUNTY","CALIFORNIA","06","CENTRAL COAST","40","MARIN","041","","","00000000","","AG LAND","AG LAND, IRRIGATED - ACRES","TOTAL","NOT SPECIFIED","1,856",""
"CENSUS","2002","YEAR","","COUNTY","CALIFORNIA","06","CENTRAL COAST","40","MONTEREY","053","","","00000000","","AG LAND","AG LAND, IRRIGATED - ACRES","TOTAL","NOT SPECIFIED","253,205",""
"CENSUS","2002","YEAR","","COUNTY","CALIFORNIA","06","CENTRAL COAST","40","NAPA","055","","","00000000","","AG LAND","AG LAND, IRRIGATED - ACRES","TOTAL","NOT SPECIFIED","52,874",""
"CENSUS","2002","YEAR","","COUNTY","CALIFORNIA","06","CENTRAL COAST","40","SAN BENITO","069","","","00000000","","AG LAND","AG LAND, IRRIGATED - ACRES","TOTAL","NOT SPECIFIED","33,200",""
"CENSUS","2002","YEAR","","COUNTY","CALIFORNIA","06","CENTRAL COAST","40","SAN FRANCISCO","075","","","00000000","","AG LAND","AG LAND, IRRIGATED - ACRES","TOTAL","NOT SPECIFIED","7",""
"CENSUS","2002","YEAR","","COUNTY","CALIFORNIA","06","CENTRAL COAST","40","SAN LUIS OBISPO","079","","","00000000","","AG LAND","AG LAND, IRRIGATED - ACRES","TOTAL","NOT SPECIFIED","74,444",""
"CENSUS","2002","YEAR","","COUNTY","CALIFORNIA","06","CENTRAL COAST","40","SAN MATEO","081","","","00000000","","AG LAND","AG LAND, IRRIGATED - ACRES","TOTAL","NOT SPECIFIED","4,849",""
"CENSUS","2002","YEAR","","COUNTY","CALIFORNIA","06","CENTRAL COAST","40","SANTA CLARA","085","","","00000000","","AG LAND","AG LAND, IRRIGATED - ACRES","TOTAL","NOT SPECIFIED","24,659",""
"CENSUS","2002","YEAR","","COUNTY","CALIFORNIA","06","CENTRAL COAST","40","SANTA CRUZ","087","","","00000000","","AG LAND","AG LAND, IRRIGATED - ACRES","TOTAL","NOT SPECIFIED","23,677",""
"CENSUS","2002","YEAR","","COUNTY","CALIFORNIA","06","CENTRAL COAST","40","SONOMA","097","","","00000000","","AG LAND","AG LAND, IRRIGATED - ACRES","TOTAL","NOT SPECIFIED","75,901",""
"CENSUS","2002","YEAR","","COUNTY","CALIFORNIA","06","NORTHEAST","30","LASSEN","035","","","00000000","","AG LAND","AG LAND, IRRIGATED - ACRES","TOTAL","NOT SPECIFIED","61,925",""
"CENSUS","2002","YEAR","","COUNTY","CALIFORNIA","06","NORTHEAST","30","MODOC","049","","","00000000","","AG LAND","AG LAND, IRRIGATED - ACRES","TOTAL","NOT SPECIFIED","129,373",""
"CENSUS","2002","YEAR","","COUNTY","CALIFORNIA","06","NORTHEAST","30","PLUMAS","063","","","00000000","","AG LAND","AG LAND, IRRIGATED - ACRES","TOTAL","NOT SPECIFIED","16,673",""
"CENSUS","2002","YEAR","","COUNTY","CALIFORNIA","06","NORTHERN COAST","10","DEL NORTE","015","","","00000000","","AG LAND","AG LAND, IRRIGATED - ACRES","TOTAL","NOT SPECIFIED","7,337",""
"CENSUS","2002","YEAR","","COUNTY","CALIFORNIA","06","NORTHERN COAST","10","HUMBOLDT","023","","","00000000","","AG LAND","AG LAND, IRRIGATED - ACRES","TOTAL","NOT SPECIFIED","18,498",""
"CENSUS","2002","YEAR","","COUNTY","CALIFORNIA","06","NORTHERN COAST","10","MENDOCINO","045","","","00000000","","AG LAND","AG LAND, IRRIGATED - ACRES","TOTAL","NOT SPECIFIED","27,532",""
"CENSUS","2002","YEAR","","COUNTY","CALIFORNIA","06","SACRAMENTO VALLEY","50","BUTTE","007","","","00000000","","AG LAND","AG LAND, IRRIGATED - ACRES","TOTAL","NOT SPECIFIED","222,735",""
"CENSUS","2002","YEAR","","COUNTY","CALIFORNIA","06","SACRAMENTO VALLEY","50","COLUSA","011","","","00000000","","AG LAND","AG LAND, IRRIGATED - ACRES","TOTAL","NOT SPECIFIED","290,861",""
"CENSUS","2002","YEAR","","COUNTY","CALIFORNIA","06","SACRAMENTO VALLEY","50","GLENN","021","","","00000000","","AG LAND","AG LAND, IRRIGATED - ACRES","TOTAL","NOT SPECIFIED","233,127",""
"CENSUS","2002","YEAR","","COUNTY","CALIFORNIA","06","SACRAMENTO VALLEY","50","SACRAMENTO","067","","","00000000","","AG LAND","AG LAND, IRRIGATED - ACRES","TOTAL","NOT SPECIFIED","124,931",""
"CENSUS","2002","YEAR","","COUNTY","CALIFORNIA","06","SACRAMENTO VALLEY","50","SOLANO","095","","","00000000","","AG LAND","AG LAND, IRRIGATED - ACRES","TOTAL","NOT SPECIFIED","124,535",""
"CENSUS","2002","YEAR","","COUNTY","CALIFORNIA","06","SACRAMENTO VALLEY","50","SUTTER","101","","","00000000","","AG LAND","AG LAND, IRRIGATED - ACRES","TOTAL","NOT SPECIFIED","248,572",""
"CENSUS","2002","YEAR","","COUNTY","CALIFORNIA","06","SACRAMENTO VALLEY","50","TEHAMA","103","","","00000000","","AG LAND","AG LAND, IRRIGATED - ACRES","TOTAL","NOT SPECIFIED","98,840",""
"CENSUS","2002","YEAR","","COUNTY","CALIFORNIA","06","SACRAMENTO VALLEY","50","YOLO","113","","","00000000","","AG LAND","AG LAND, IRRIGATED - ACRES","TOTAL","NOT SPECIFIED","298,670",""
"CENSUS","2002","YEAR","","COUNTY","CALIFORNIA","06","SACRAMENTO VALLEY","50","YUBA","115","","","00000000","","AG LAND","AG LAND, IRRIGATED - ACRES","TOTAL","NOT SPECIFIED","93,489",""
"CENSUS","2002","YEAR","","COUNTY","CALIFORNIA","06","SAN JOAQUIN VALLEY","51","FRESNO","019","","","00000000","","AG LAND","AG LAND, IRRIGATED - ACRES","TOTAL","NOT SPECIFIED","1,098,941",""
"CENSUS","2002","YEAR","","COUNTY","CALIFORNIA","06","SAN JOAQUIN VALLEY","51","KERN","029","","","00000000","","AG LAND","AG LAND, IRRIGATED - ACRES","TOTAL","NOT SPECIFIED","811,672",""
"CENSUS","2002","YEAR","","COUNTY","CALIFORNIA","06","SAN JOAQUIN VALLEY","51","KINGS","031","","","00000000","","AG LAND","AG LAND, IRRIGATED - ACRES","TOTAL","NOT SPECIFIED","407,031",""
"CENSUS","2002","YEAR","","COUNTY","CALIFORNIA","06","SAN JOAQUIN VALLEY","51","MADERA","039","","","00000000","","AG LAND","AG LAND, IRRIGATED - ACRES","TOTAL","NOT SPECIFIED","317,241",""
"CENSUS","2002","YEAR","","COUNTY","CALIFORNIA","06","SAN JOAQUIN VALLEY","51","MERCED","047","","","00000000","","AG LAND","AG LAND, IRRIGATED - ACRES","TOTAL","NOT SPECIFIED","518,538",""
"CENSUS","2002","YEAR","","COUNTY","CALIFORNIA","06","SAN JOAQUIN VALLEY","51","SAN JOAQUIN","077","","","00000000","","AG LAND","AG LAND, IRRIGATED - ACRES","TOTAL","NOT SPECIFIED","520,172",""
"CENSUS","2002","YEAR","","COUNTY","CALIFORNIA","06","SAN JOAQUIN VALLEY","51","STANISLAUS","099","","","00000000","","AG LAND","AG LAND, IRRIGATED - ACRES","TOTAL","NOT SPECIFIED","401,439",""
"CENSUS","2002","YEAR","","COUNTY","CALIFORNIA","06","SAN JOAQUIN VALLEY","51","TULARE","107","","","00000000","","AG LAND","AG LAND, IRRIGATED - ACRES","TOTAL","NOT SPECIFIED","652,385",""
"CENSUS","2002","YEAR","","COUNTY","CALIFORNIA","06","SIERRA MOUNTAINS","60","ALPINE","003","","","00000000","","AG LAND","AG LAND, IRRIGATED - ACRES","TOTAL","NOT SPECIFIED","7,130",""
"CENSUS","2002","YEAR","","COUNTY","CALIFORNIA","06","SIERRA MOUNTAINS","60","AMADOR","005","","","00000000","","AG LAND","AG LAND, IRRIGATED - ACRES","TOTAL","NOT SPECIFIED","11,828",""
"CENSUS","2002","YEAR","","COUNTY","CALIFORNIA","06","SIERRA MOUNTAINS","60","CALAVERAS","009","","","00000000","","AG LAND","AG LAND, IRRIGATED - ACRES","TOTAL","NOT SPECIFIED","6,610",""
"CENSUS","2002","YEAR","","COUNTY","CALIFORNIA","06","SIERRA MOUNTAINS","60","EL DORADO","017","","","00000000","","AG LAND","AG LAND, IRRIGATED - ACRES","TOTAL","NOT SPECIFIED","5,927",""
"CENSUS","2002","YEAR","","COUNTY","CALIFORNIA","06","SIERRA MOUNTAINS","60","INYO","027","","","00000000","","AG LAND","AG LAND, IRRIGATED - ACRES","TOTAL","NOT SPECIFIED","23,201",""
"CENSUS","2002","YEAR","","COUNTY","CALIFORNIA","06","SIERRA MOUNTAINS","60","MARIPOSA","043","","","00000000","","AG LAND","AG LAND, IRRIGATED - ACRES","TOTAL","NOT SPECIFIED","1,541",""
"CENSUS","2002","YEAR","","COUNTY","CALIFORNIA","06","SIERRA MOUNTAINS","60","MONO","051","","","00000000","","AG LAND","AG LAND, IRRIGATED - ACRES","TOTAL","NOT SPECIFIED","25,669",""
"CENSUS","2002","YEAR","","COUNTY","CALIFORNIA","06","SIERRA MOUNTAINS","60","NEVADA","057","","","00000000","","AG LAND","AG LAND, IRRIGATED - ACRES","TOTAL","NOT SPECIFIED","6,700",""
"CENSUS","2002","YEAR","","COUNTY","CALIFORNIA","06","SIERRA MOUNTAINS","60","PLACER","061","","","00000000","","AG LAND","AG LAND, IRRIGATED - ACRES","TOTAL","NOT SPECIFIED","36,305",""
"CENSUS","2002","YEAR","","COUNTY","CALIFORNIA","06","SIERRA MOUNTAINS","60","SIERRA","091","","","00000000","","AG LAND","AG LAND, IRRIGATED - ACRES","TOTAL","NOT SPECIFIED","12,136",""
"CENSUS","2002","YEAR","","COUNTY","CALIFORNIA","06","SIERRA MOUNTAINS","60","TUOLUMNE","109","","","00000000","","AG LAND","AG LAND, IRRIGATED - ACRES","TOTAL","NOT SPECIFIED","3,738",""
"CENSUS","2002","YEAR","","COUNTY","CALIFORNIA","06","SISKIYOU-SHASTA","20","SHASTA","089","","","00000000","","AG LAND","AG LAND, IRRIGATED - ACRES","TOTAL","NOT SPECIFIED","46,021",""
"CENSUS","2002","YEAR","","COUNTY","CALIFORNIA","06","SISKIYOU-SHASTA","20","SISKIYOU","093","","","00000000","","AG LAND","AG LAND, IRRIGATED - ACRES","TOTAL","NOT SPECIFIED","160,191",""
"CENSUS","2002","YEAR","","COUNTY","CALIFORNIA","06","SISKIYOU-SHASTA","20","TRINITY","105","","","00000000","","AG LAND","AG LAND, IRRIGATED - ACRES","TOTAL","NOT SPECIFIED","1,587",""
"CENSUS","2002","YEAR","","COUNTY","CALIFORNIA","06","SOUTHERN CALIFORNIA","80","IMPERIAL","025","","","00000000","","AG LAND","AG LAND, IRRIGATED - ACRES","TOTAL","NOT SPECIFIED","476,514",""
"CENSUS","2002","YEAR","","COUNTY","CALIFORNIA","06","SOUTHERN CALIFORNIA","80","LOS ANGELES","037","","","00000000","","AG LAND","AG LAND, IRRIGATED - ACRES","TOTAL","NOT SPECIFIED","26,005",""
"CENSUS","2002","YEAR","","COUNTY","CALIFORNIA","06","SOUTHERN CALIFORNIA","80","ORANGE","059","","","00000000","","AG LAND","AG LAND, IRRIGATED - ACRES","TOTAL","NOT SPECIFIED","10,390",""
"CENSUS","2002","YEAR","","COUNTY","CALIFORNIA","06","SOUTHERN CALIFORNIA","80","RIVERSIDE","065","","","00000000","","AG LAND","AG LAND, IRRIGATED - ACRES","TOTAL","NOT SPECIFIED","197,650",""
"CENSUS","2002","YEAR","","COUNTY","CALIFORNIA","06","SOUTHERN CALIFORNIA","80","SAN BERNARDINO","071","","","00000000","","AG LAND","AG LAND, IRRIGATED - ACRES","TOTAL","NOT SPECIFIED","41,485",""
"CENSUS","2002","YEAR","","COUNTY","CALIFORNIA","06","SOUTHERN CALIFORNIA","80","SAN DIEGO","073","","","00000000","","AG LAND","AG LAND, IRRIGATED - ACRES","TOTAL","NOT SPECIFIED","67,717",""
"CENSUS","2002","YEAR","","COUNTY","CALIFORNIA","06","SOUTHERN CALIFORNIA","80","SANTA BARBARA","083","","","00000000","","AG LAND","AG LAND, IRRIGATED - ACRES","TOTAL","NOT SPECIFIED","107,639",""
"CENSUS","2002","YEAR","","COUNTY","CALIFORNIA","06","SOUTHERN CALIFORNIA","80","VENTURA","111","","","00000000","","AG LAND","AG LAND, IRRIGATED - ACRES","TOTAL","NOT SPECIFIED","101,662",""
"CENSUS","1997","YEAR","","COUNTY","CALIFORNIA","06","CENTRAL COAST","40","ALAMEDA","001","","","00000000","","AG LAND","AG LAND, IRRIGATED - ACRES","TOTAL","NOT SPECIFIED","10,750",""
"CENSUS","1997","YEAR","","COUNTY","CALIFORNIA","06","CENTRAL COAST","40","CONTRA COSTA","013","","","00000000","","AG LAND","AG LAND, IRRIGATED - ACRES","TOTAL","NOT SPECIFIED","30,810",""
"CENSUS","1997","YEAR","","COUNTY","CALIFORNIA","06","CENTRAL COAST","40","LAKE","033","","","00000000","","AG LAND","AG LAND, IRRIGATED - ACRES","TOTAL","NOT SPECIFIED","17,520",""
"CENSUS","1997","YEAR","","COUNTY","CALIFORNIA","06","CENTRAL COAST","40","MARIN","041","","","00000000","","AG LAND","AG LAND, IRRIGATED - ACRES","TOTAL","NOT SPECIFIED","830",""
"CENSUS","1997","YEAR","","COUNTY","CALIFORNIA","06","CENTRAL COAST","40","MONTEREY","053","","","00000000","","AG LAND","AG LAND, IRRIGATED - ACRES","TOTAL","NOT SPECIFIED","262,399",""
"CENSUS","1997","YEAR","","COUNTY","CALIFORNIA","06","CENTRAL COAST","40","NAPA","055","","","00000000","","AG LAND","AG LAND, IRRIGATED - ACRES","TOTAL","NOT SPECIFIED","44,452",""
"CENSUS","1997","YEAR","","COUNTY","CALIFORNIA","06","CENTRAL COAST","40","SAN BENITO","069","","","00000000","","AG LAND","AG LAND, IRRIGATED - ACRES","TOTAL","NOT SPECIFIED","37,413",""
"CENSUS","1997","YEAR","","COUNTY","CALIFORNIA","06","CENTRAL COAST","40","SAN FRANCISCO","075","","","00000000","","AG LAND","AG LAND, IRRIGATED - ACRES","TOTAL","NOT SPECIFIED","19",""
"CENSUS","1997","YEAR","","COUNTY","CALIFORNIA","06","CENTRAL COAST","40","SAN LUIS OBISPO","079","","","00000000","","AG LAND","AG LAND, IRRIGATED - ACRES","TOTAL","NOT SPECIFIED","62,013",""
"CENSUS","1997","YEAR","","COUNTY","CALIFORNIA","06","CENTRAL COAST","40","SAN MATEO","081","","","00000000","","AG LAND","AG LAND, IRRIGATED - ACRES","TOTAL","NOT SPECIFIED","4,556",""
"CENSUS","1997","YEAR","","COUNTY","CALIFORNIA","06","CENTRAL COAST","40","SANTA CLARA","085","","","00000000","","AG LAND","AG LAND, IRRIGATED - ACRES","TOTAL","NOT SPECIFIED","21,133",""
"CENSUS","1997","YEAR","","COUNTY","CALIFORNIA","06","CENTRAL COAST","40","SANTA CRUZ","087","","","00000000","","AG LAND","AG LAND, IRRIGATED - ACRES","TOTAL","NOT SPECIFIED","21,991",""
"CENSUS","1997","YEAR","","COUNTY","CALIFORNIA","06","CENTRAL COAST","40","SONOMA","097","","","00000000","","AG LAND","AG LAND, IRRIGATED - ACRES","TOTAL","NOT SPECIFIED","57,766",""
"CENSUS","1997","YEAR","","COUNTY","CALIFORNIA","06","NORTHEAST","30","LASSEN","035","","","00000000","","AG LAND","AG LAND, IRRIGATED - ACRES","TOTAL","NOT SPECIFIED","69,110",""
"CENSUS","1997","YEAR","","COUNTY","CALIFORNIA","06","NORTHEAST","30","MODOC","049","","","00000000","","AG LAND","AG LAND, IRRIGATED - ACRES","TOTAL","NOT SPECIFIED","164,590",""
"CENSUS","1997","YEAR","","COUNTY","CALIFORNIA","06","NORTHEAST","30","PLUMAS","063","","","00000000","","AG LAND","AG LAND, IRRIGATED - ACRES","TOTAL","NOT SPECIFIED","31,855",""
"CENSUS","1997","YEAR","","COUNTY","CALIFORNIA","06","NORTHERN COAST","10","DEL NORTE","015","","","00000000","","AG LAND","AG LAND, IRRIGATED - ACRES","TOTAL","NOT SPECIFIED","6,354",""
"CENSUS","1997","YEAR","","COUNTY","CALIFORNIA","06","NORTHERN COAST","10","HUMBOLDT","023","","","00000000","","AG LAND","AG LAND, IRRIGATED - ACRES","TOTAL","NOT SPECIFIED","18,822",""
"CENSUS","1997","YEAR","","COUNTY","CALIFORNIA","06","NORTHERN COAST","10","MENDOCINO","045","","","00000000","","AG LAND","AG LAND, IRRIGATED - ACRES","TOTAL","NOT SPECIFIED","24,431",""
"CENSUS","1997","YEAR","","COUNTY","CALIFORNIA","06","SACRAMENTO VALLEY","50","BUTTE","007","","","00000000","","AG LAND","AG LAND, IRRIGATED - ACRES","TOTAL","NOT SPECIFIED","233,292",""
"CENSUS","1997","YEAR","","COUNTY","CALIFORNIA","06","SACRAMENTO VALLEY","50","COLUSA","011","","","00000000","","AG LAND","AG LAND, IRRIGATED - ACRES","TOTAL","NOT SPECIFIED","281,209",""
"CENSUS","1997","YEAR","","COUNTY","CALIFORNIA","06","SACRAMENTO VALLEY","50","GLENN","021","","","00000000","","AG LAND","AG LAND, IRRIGATED - ACRES","TOTAL","NOT SPECIFIED","226,225",""
"CENSUS","1997","YEAR","","COUNTY","CALIFORNIA","06","SACRAMENTO VALLEY","50","SACRAMENTO","067","","","00000000","","AG LAND","AG LAND, IRRIGATED - ACRES","TOTAL","NOT SPECIFIED","127,898",""
"CENSUS","1997","YEAR","","COUNTY","CALIFORNIA","06","SACRAMENTO VALLEY","50","SOLANO","095","","","00000000","","AG LAND","AG LAND, IRRIGATED - ACRES","TOTAL","NOT SPECIFIED","164,635",""
"CENSUS","1997","YEAR","","COUNTY","CALIFORNIA","06","SACRAMENTO VALLEY","50","SUTTER","101","","","00000000","","AG LAND","AG LAND, IRRIGATED - ACRES","TOTAL","NOT SPECIFIED","249,125",""
"CENSUS","1997","YEAR","","COUNTY","CALIFORNIA","06","SACRAMENTO VALLEY","50","TEHAMA","103","","","00000000","","AG LAND","AG LAND, IRRIGATED - ACRES","TOTAL","NOT SPECIFIED","91,159",""
"CENSUS","1997","YEAR","","COUNTY","CALIFORNIA","06","SACRAMENTO VALLEY","50","YOLO","113","","","00000000","","AG LAND","AG LAND, IRRIGATED - ACRES","TOTAL","NOT SPECIFIED","296,858",""
"CENSUS","1997","YEAR","","COUNTY","CALIFORNIA","06","SACRAMENTO VALLEY","50","YUBA","115","","","00000000","","AG LAND","AG LAND, IRRIGATED - ACRES","TOTAL","NOT SPECIFIED","89,243",""
"CENSUS","1997","YEAR","","COUNTY","CALIFORNIA","06","SAN JOAQUIN VALLEY","51","FRESNO","019","","","00000000","","AG LAND","AG LAND, IRRIGATED - ACRES","TOTAL","NOT SPECIFIED","1,156,117",""
"CENSUS","1997","YEAR","","COUNTY","CALIFORNIA","06","SAN JOAQUIN VALLEY","51","KERN","029","","","00000000","","AG LAND","AG LAND, IRRIGATED - ACRES","TOTAL","NOT SPECIFIED","917,003",""
"CENSUS","1997","YEAR","","COUNTY","CALIFORNIA","06","SAN JOAQUIN VALLEY","51","KINGS","031","","","00000000","","AG LAND","AG LAND, IRRIGATED - ACRES","TOTAL","NOT SPECIFIED","423,608",""
"CENSUS","1997","YEAR","","COUNTY","CALIFORNIA","06","SAN JOAQUIN VALLEY","51","MADERA","039","","","00000000","","AG LAND","AG LAND, IRRIGATED - ACRES","TOTAL","NOT SPECIFIED","311,204",""
"CENSUS","1997","YEAR","","COUNTY","CALIFORNIA","06","SAN JOAQUIN VALLEY","51","MERCED","047","","","00000000","","AG LAND","AG LAND, IRRIGATED - ACRES","TOTAL","NOT SPECIFIED","504,771",""
"CENSUS","1997","YEAR","","COUNTY","CALIFORNIA","06","SAN JOAQUIN VALLEY","51","SAN JOAQUIN","077","","","00000000","","AG LAND","AG LAND, IRRIGATED - ACRES","TOTAL","NOT SPECIFIED","528,409",""
"CENSUS","1997","YEAR","","COUNTY","CALIFORNIA","06","SAN JOAQUIN VALLEY","51","STANISLAUS","099","","","00000000","","AG LAND","AG LAND, IRRIGATED - ACRES","TOTAL","NOT SPECIFIED","376,439",""
"CENSUS","1997","YEAR","","COUNTY","CALIFORNIA","06","SAN JOAQUIN VALLEY","51","TULARE","107","","","00000000","","AG LAND","AG LAND, IRRIGATED - ACRES","TOTAL","NOT SPECIFIED","638,701",""
"CENSUS","1997","YEAR","","COUNTY","CALIFORNIA","06","SIERRA MOUNTAINS","60","ALPINE","003","","","00000000","","AG LAND","AG LAND, IRRIGATED - ACRES","TOTAL","NOT SPECIFIED","2,950",""
"CENSUS","1997","YEAR","","COUNTY","CALIFORNIA","06","SIERRA MOUNTAINS","60","AMADOR","005","","","00000000","","AG LAND","AG LAND, IRRIGATED - ACRES","TOTAL","NOT SPECIFIED","12,845",""
"CENSUS","1997","YEAR","","COUNTY","CALIFORNIA","06","SIERRA MOUNTAINS","60","CALAVERAS","009","","","00000000","","AG LAND","AG LAND, IRRIGATED - ACRES","TOTAL","NOT SPECIFIED","9,137",""
"CENSUS","1997","YEAR","","COUNTY","CALIFORNIA","06","SIERRA MOUNTAINS","60","EL DORADO","017","","","00000000","","AG LAND","AG LAND, IRRIGATED - ACRES","TOTAL","NOT SPECIFIED","5,079",""
"CENSUS","1997","YEAR","","COUNTY","CALIFORNIA","06","SIERRA MOUNTAINS","60","INYO","027","","","00000000","","AG LAND","AG LAND, IRRIGATED - ACRES","TOTAL","NOT SPECIFIED","20,502",""
"CENSUS","1997","YEAR","","COUNTY","CALIFORNIA","06","SIERRA MOUNTAINS","60","MARIPOSA","043","","","00000000","","AG LAND","AG LAND, IRRIGATED - ACRES","TOTAL","NOT SPECIFIED","3,171",""
"CENSUS","1997","YEAR","","COUNTY","CALIFORNIA","06","SIERRA MOUNTAINS","60","MONO","051","","","00000000","","AG LAND","AG LAND, IRRIGATED - ACRES","TOTAL","NOT SPECIFIED","33,995",""
"CENSUS","1997","YEAR","","COUNTY","CALIFORNIA","06","SIERRA MOUNTAINS","60","NEVADA","057","","","00000000","","AG LAND","AG LAND, IRRIGATED - ACRES","TOTAL","NOT SPECIFIED","8,503",""
"CENSUS","1997","YEAR","","COUNTY","CALIFORNIA","06","SIERRA MOUNTAINS","60","PLACER","061","","","00000000","","AG LAND","AG LAND, IRRIGATED - ACRES","TOTAL","NOT SPECIFIED","38,558",""
"CENSUS","1997","YEAR","","COUNTY","CALIFORNIA","06","SIERRA MOUNTAINS","60","SIERRA","091","","","00000000","","AG LAND","AG LAND, IRRIGATED - ACRES","TOTAL","NOT SPECIFIED","10,450",""
"CENSUS","1997","YEAR","","COUNTY","CALIFORNIA","06","SIERRA MOUNTAINS","60","TUOLUMNE","109","","","00000000","","AG LAND","AG LAND, IRRIGATED - ACRES","TOTAL","NOT SPECIFIED","4,179",""
"CENSUS","1997","YEAR","","COUNTY","CALIFORNIA","06","SISKIYOU-SHASTA","20","SHASTA","089","","","00000000","","AG LAND","AG LAND, IRRIGATED - ACRES","TOTAL","NOT SPECIFIED","40,698",""
"CENSUS","1997","YEAR","","COUNTY","CALIFORNIA","06","SISKIYOU-SHASTA","20","SISKIYOU","093","","","00000000","","AG LAND","AG LAND, IRRIGATED - ACRES","TOTAL","NOT SPECIFIED","145,082",""
"CENSUS","1997","YEAR","","COUNTY","CALIFORNIA","06","SISKIYOU-SHASTA","20","TRINITY","105","","","00000000","","AG LAND","AG LAND, IRRIGATED - ACRES","TOTAL","NOT SPECIFIED","2,498",""
"CENSUS","1997","YEAR","","COUNTY","CALIFORNIA","06","SOUTHERN CALIFORNIA","80","IMPERIAL","025","","","00000000","","AG LAND","AG LAND, IRRIGATED - ACRES","TOTAL","NOT SPECIFIED","442,432",""
"CENSUS","1997","YEAR","","COUNTY","CALIFORNIA","06","SOUTHERN CALIFORNIA","80","LOS ANGELES","037","","","00000000","","AG LAND","AG LAND, IRRIGATED - ACRES","TOTAL","NOT SPECIFIED","28,018",""
"CENSUS","1997","YEAR","","COUNTY","CALIFORNIA","06","SOUTHERN CALIFORNIA","80","ORANGE","059","","","00000000","","AG LAND","AG LAND, IRRIGATED - ACRES","TOTAL","NOT SPECIFIED","13,392",""
"CENSUS","1997","YEAR","","COUNTY","CALIFORNIA","06","SOUTHERN CALIFORNIA","80","RIVERSIDE","065","","","00000000","","AG LAND","AG LAND, IRRIGATED - ACRES","TOTAL","NOT SPECIFIED","223,074",""
"CENSUS","1997","YEAR","","COUNTY","CALIFORNIA","06","SOUTHERN CALIFORNIA","80","SAN BERNARDINO","071","","","00000000","","AG LAND","AG LAND, IRRIGATED - ACRES","TOTAL","NOT SPECIFIED","42,960",""
"CENSUS","1997","YEAR","","COUNTY","CALIFORNIA","06","SOUTHERN CALIFORNIA","80","SAN DIEGO","073","","","00000000","","AG LAND","AG LAND, IRRIGATED - ACRES","TOTAL","NOT SPECIFIED","75,141",""
"CENSUS","1997","YEAR","","COUNTY","CALIFORNIA","06","SOUTHERN CALIFORNIA","80","SANTA BARBARA","083","","","00000000","","AG LAND","AG LAND, IRRIGATED - ACRES","TOTAL","NOT SPECIFIED","106,757",""
"CENSUS","1997","YEAR","","COUNTY","CALIFORNIA","06","SOUTHERN CALIFORNIA","80","VENTURA","111","","","00000000","","AG LAND","AG LAND, IRRIGATED - ACRES","TOTAL","NOT SPECIFIED","114,562",""
